interaction_id,lead_id,contact_name,contact_role,company_name,company_sector,company_country,company_city,company_num_employees,company_annual_revenue_eur,lead_source,lead_entry_date,initial_interest_notes,call_number,call_timestamp,days_since_entry,days_since_last_call,prev_outcome,prev_next_step,current_transcript,current_outcome,next_step,final_status
853be5cb-c55,0bf062a6,Laura Romero,CEO,Digi Dynamics,Distribución,España,Valencia,88,20511000,Feria o evento,2025-12-14,"La empresa mostró interés en optimizar su movilidad corporativa, pero sin urgencia inmediata.",1,2025-12-18,4,0,PRIMERA_LLAMADA,PRIMERA_LLAMADA,"Agente: Hola Laura, soy Marta Díaz de MoveUp. ¿Cómo estás?
Contacto: Hola Marta, bien, gracias. ¿Y tú?
Agente: Muy bien, gracias. Quería hablar sobre cómo MoveUp puede ayudar a Digi Dynamics a mejorar su movilidad corporativa. ¿Tienes algunos minutos?
Contacto: Claro, dime.
Agente: Nuestra plataforma permite gestionar viajes corporativos de manera más eficiente. ¿Cuántos viajes suelen realizar mensualmente?
Contacto: Aproximadamente unos 150 viajes al mes.
Agente: Excelente, eso es exactamente el tipo de volumen con el que trabajamos eficazmente. ¿Cuál sería tu principal preocupación a mejorar en este momento?
Contacto: Principalmente, estamos buscando optimizar costos y mejorar la gestión de los viajes.
Agente: Perfecto, podemos ofrecerte una solución personalizada que podría ayudarte con eso. ¿Te gustaría recibir más información por correo?
Contacto: Sí, por favor. Quisiéramos comparar opciones antes de tomar una decisión.
Agente: Claro, te enviaré toda la documentación necesaria. ¿Podemos agendar una demo para que veas cómo funciona nuestra plataforma en acción?
Contacto: De momento prefiero revisar la información primero. Luego podemos ver lo de la demo.
Agente: Entiendo. Entonces te enviaré los detalles y quedo a la espera de tus comentarios.
Contacto: Perfecto, muchas gracias.
Agente: A ti, Laura. Hablamos pronto.",Laura mostró interés pero quiere revisar la documentación antes de proceder con una demo.,Enviar documentación,Nurturing
a5486c4f-485,0bf062a6,Laura Romero,CEO,Digi Dynamics,Distribución,España,Valencia,88,20511000,Feria o evento,2025-12-14,"La empresa mostró interés en optimizar su movilidad corporativa, pero sin urgencia inmediata.",2,2025-12-21,7,3,Laura mostró interés pero quiere revisar la documentación antes de proceder con una demo.,Enviar documentación,"Agente: Hola Laura, soy Marta Díaz de nuevo. Espero que hayas tenido tiempo de revisar la información que te envié.
Contacto: Hola Marta. Sí, revisamos los documentos.
Agente: Genial. ¿Te parece que podría encajar con lo que estáis buscando?
Contacto: Sí, aunque todavía tenemos que discutirlo internamente y esperar la aprobación del presupuesto.
Agente: Comprendo, eso es importante. ¿Cuánto tiempo crees que tomarán esas discusiones?
Contacto: Tal vez unas dos semanas. No hay urgencia inmediata, pero estamos interesados.
Agente: Entiendo, entonces lo mejor será que recontacte contigo después de ese tiempo. ¿Te parece bien?
Contacto: Sí, eso suena bien. Así podremos darte una respuesta más clara.
Agente: Perfecto, entonces estaré en contacto en unas semanas para ver cómo van las cosas. Gracias por tu tiempo, Laura.
Contacto: Gracias a ti, Marta. Hablamos pronto.",Laura y su equipo necesitan más tiempo para discutir y obtener la aprobación del presupuesto.,Cerrar lead - nurturing,Nurturing
02195fe0-824,30e98883,Rafael Ruiz,Head of Procurement,Corp Consulting,Distribución,España,Bilbao,118,18818000,Inbound / Blog,2025-12-19,"Rafael mostró interés inicial en optimizar los gastos de transporte corporativo, habiendo leído sobre eficiencias de costes en nuestro blog.",1,2025-12-20,1,0,PRIMERA_LLAMADA,PRIMERA_LLAMADA,"Agente: Hola, Rafael. Soy Ana Ruiz de MoveUp. ¿Cómo estás?
Contacto: Hola, Ana. Estoy bien, gracias. ¿En qué puedo ayudarte?
Agente: Quería hablar sobre cómo MoveUp puede ayudar a optimizar vuestros gastos de movilidad corporativa. Vi que habías mostrado interés en nuestro blog.
Contacto: Sí, lo leí. Pero actualmente ya trabajamos con un proveedor y, sinceramente, no estamos buscando cambiar.
Agente: Entiendo, pero nuestra plataforma puede ofrecerte una gestión más eficiente y con costes potencialmente menores. ¿Cuál es vuestro volumen de viajes actuales?
Contacto: No tengo la cifra exacta ahora mismo, pero no estamos insatisfechos con el servicio actual.
Agente: Claro, a veces un cambio puede resultar beneficioso. ¿Hay alguna preocupación específica que te impida considerar una nueva opción?
Contacto: Principalmente el presupuesto. Este año no tenemos espacio para cambios importantes y hay una reorganización interna en marcha.
Agente: Comprendo. Quizás podríamos agendar una reunión con nuestro especialista, Tomás Iglesias, para explorar si alguna de nuestras soluciones se ajusta a vuestras restricciones presupuestarias.
Contacto: Aprecio la oferta, pero sinceramente dudo que sea viable ahora mismo.
Agente: Está bien, Rafael. Si en el futuro decides explorar esta posibilidad, estaré aquí para ayudarte. Muchas gracias por tu tiempo.
Contacto: Gracias, Ana. Que tengas un buen día.",Rafael expresó que actualmente no buscan cambiar de proveedor debido a limitaciones presupuestarias y una reorganización interna.,Cerrar lead - no interesado,Lost
c62d13b7-7b8,3b028bab,María Moreno,Director de Compras,Grupo Group,Consultoría IT,España,Palma,7983,506623000,Inbound / Blog,2026-03-15,María mostró un fuerte interés en optimizar los costes de movilidad debido al alto volumen de desplazamientos de sus empleados.,1,2026-03-21,6,0,PRIMERA_LLAMADA,PRIMERA_LLAMADA,"Agente: Hola María, soy Pablo Fernández de MoveUp. ¿Cómo estás hoy?
Contacto: Hola Pablo, muy bien, gracias. Estuve revisando su blog y creo que su solución podría ser justo lo que necesitamos.
Agente: Me alegra escuchar eso. Entiendo que en Grupo Group están experimentando un crecimiento significativo y un alto volumen de desplazamientos, ¿correcto?
Contacto: Exactamente, y eso ha incrementado nuestros costes de movilidad. Necesitamos una solución eficiente y rápida.
Agente: Definitivamente podemos ayudar con eso. ¿Hay alguna preocupación específica que tengan sobre la implementación de nuestra plataforma?
Contacto: Nuestra principal preocupación es la adaptación rápida del personal y asegurar que el coste se mantenga bajo control.
Agente: Claro, nuestra solución es fácil de usar y hemos tenido éxito en la incorporación rápida. Además, podemos trabajar con ustedes para establecer un presupuesto controlado.
Contacto: Eso suena bien. ¿Podríamos ver una demostración para entender mejor cómo funcionaría en nuestra empresa?
Agente: Por supuesto, puedo agendar una reunión con nuestro especialista, Roberto Sánchez, para una demo detallada.
Contacto: Perfecto, ¿qué tal el próximo jueves?
Agente: El próximo jueves funciona bien. Agendaré la demo con Roberto y les enviaré la confirmación.
Contacto: Genial, quedo a la espera de la confirmación. Gracias, Pablo.
Agente: No hay de qué, María. Hablamos pronto.",La llamada fue positiva y María mostró interés en agendar una demostración para evaluar la solución de MoveUp.,Agendar demo/reunión con especialista,Converted
d104176c-8b5,e3594cfc,Sofía Jiménez,Gerente de Administración,Pro Partners,Servicios Financieros,España,Valladolid,528,116075000,Formulario web,2025-11-01,La empresa mostró un alto interés debido a su crecimiento y la necesidad urgente de gestionar mejor sus costes de movilidad.,1,2025-11-03,2,0,PRIMERA_LLAMADA,PRIMERA_LLAMADA,"Agente: Hola Sofía, soy Ana Ruiz de MoveUp. Gracias por contactarnos a través de nuestro formulario web. ¿Podrías contarme un poco más sobre tus necesidades actuales de movilidad corporativa?
Contacto: Hola Ana, claro. En Pro Partners estamos creciendo rápidamente y nuestros empleados realizan numerosos desplazamientos a diario. Queremos reducir los costes y mejorar la eficiencia.
Agente: Entiendo perfectamente. Nuestra plataforma está diseñada para ofrecer soluciones personalizadas que pueden ayudar a reducir significativamente los gastos de movilidad.
Contacto: Eso suena interesante. Actualmente estamos gastando mucho y necesitamos una solución eficaz lo antes posible.
Agente: Perfecto, puedo coordinar una reunión con nuestro especialista en movilidad, Roberto Sánchez, para explorar cómo podemos ayudarte.
Contacto: Me parece bien. ¿Cuándo podría ser?
Agente: ¿Qué tal si lo agendamos para esta misma semana?
Contacto: Sí, esta semana estaría bien.
Agente: Genial, coordinaré los detalles y te enviaré una invitación.
Contacto: Perfecto, espero la invitación. Gracias, Ana.",Sofía expresó una alta necesidad de soluciones de movilidad y se acordó agendar una reunión con el especialista.,Agendar demo/reunión con especialista,Converted
cc67d08c-b7d,e3594cfc,Sofía Jiménez,Gerente de Administración,Pro Partners,Servicios Financieros,España,Valladolid,528,116075000,Formulario web,2025-11-01,La empresa mostró un alto interés debido a su crecimiento y la necesidad urgente de gestionar mejor sus costes de movilidad.,2,2025-11-06,5,3,Sofía expresó una alta necesidad de soluciones de movilidad y se acordó agendar una reunión con el especialista.,Agendar demo/reunión con especialista,"Agente: Hola Sofía, soy Ana de nuevo. ¿Cómo estás?
Contacto: Hola Ana, estoy bien, gracias. Ayer revisé la propuesta enviada por correo.
Agente: Excelente. ¿Tienes alguna pregunta o inquietud sobre los detalles?
Contacto: Me gustaría saber más sobre cómo podríamos optimizar el presupuesto actual.
Agente: Claro, Roberto puede explicar en detalle cómo adaptamos nuestras tarifas a tu uso específico. Además, él puede sugerir estrategias para maximizar tu presupuesto.
Contacto: Eso sería muy útil. Nos urge encontrar una solución pronto.
Agente: Perfecto, entonces ¿cuándo podrías tener una sesión con Roberto?
Contacto: Podría ser el viernes a primera hora.
Agente: Excelente, agendaré la reunión y confirmaré contigo.
Contacto: Perfecto, gracias, Ana.",Se confirmó una reunión con el especialista para atender dudas específicas sobre optimización del presupuesto.,Escalar a manager del lead,Converted
6bd704c2-c87,e3594cfc,Sofía Jiménez,Gerente de Administración,Pro Partners,Servicios Financieros,España,Valladolid,528,116075000,Formulario web,2025-11-01,La empresa mostró un alto interés debido a su crecimiento y la necesidad urgente de gestionar mejor sus costes de movilidad.,3,2025-11-08,7,2,Se confirmó una reunión con el especialista para atender dudas específicas sobre optimización del presupuesto.,Escalar a manager del lead,"Agente: Hola Sofía, soy Ana. Quería saber cómo resultó la reunión con Roberto.
Contacto: Hola Ana, la reunión fue excelente. Roberto explicó muy bien cómo podemos reducir costes y ya queremos proceder con el contrato.
Agente: ¡Genial! Me alegra mucho escuchar eso. ¿Te gustaría que preparemos la documentación de inmediato?
Contacto: Sí, por favor. Queremos implementar esto cuanto antes.
Agente: Perfecto, procederé con la preparación del contrato y te lo enviaré para su revisión final.
Contacto: Muchas gracias, Ana. Esperamos poder comenzar pronto.
Agente: Gracias a ti, Sofía. Estaremos en contacto para cerrar todo.
Contacto: Muy bien, hablamos pronto.",Sofía confirmó que desean proceder con el contrato y se decidió enviar la documentación para cerrar el acuerdo.,Esperar confirmación cliente,Converted
bf509217-b6d,a0f97b65,María Navarro,Jefe de Proyectos,Euro Services,Educación,España,Palma,23,5505000,Inbound / Blog,2025-12-02,La empresa está interesada en optimizar sus costes de movilidad debido al alto volumen de desplazamientos.,1,2025-12-04,2,0,PRIMERA_LLAMADA,PRIMERA_LLAMADA,"Agente: Hola, María. Soy Diego López de MoveUp. ¿Cómo estás?
Contacto: Hola, Diego. Estoy bien, gracias. Estoy muy interesada en charlar sobre cómo podemos mejorar nuestros costes de movilidad.
Agente: Perfecto. Veo que Euro Services tiene un volumen alto de desplazamientos. ¿Nos puedes contar más sobre eso?
Contacto: Claro, tenemos un equipo de 23 empleados que se desplaza frecuentemente, y estamos buscando optimizar esos costes.
Agente: Entiendo. Nuestro servicio está diseñado precisamente para eso. ¿Hay algún aspecto específico en el que necesitas apoyo urgente?
Contacto: Principalmente en la transparencia de tarifas y la rapidez en la disponibilidad de los conductores.
Agente: Podemos ofrecer tarifas fijas y un servicio de prioridad en la asignación de conductores corporativos. ¿Te gustaría una demostración de cómo funciona?
Contacto: Sí, definitivamente. Necesitamos implementar una solución pronto.
Agente: Excelente, voy a coordinar para que Roberto Sánchez, nuestro especialista, te muestre cómo funciona todo.
Contacto: Perfecto, Diego. Quedo pendiente de la reunión.
Agente: Gracias, María. Coordinaré para que sea lo antes posible. ¿Te parece bien la próxima semana?
Contacto: Sí, cuanto antes mejor. Así podemos tomar una decisión rápidamente.
Agente: De acuerdo, te enviaré la invitación para la demo. Muchas gracias por tu tiempo, María.
Contacto: Gracias a ti, Diego. Hasta pronto.",Se acordó agendar una demo para mostrar cómo MoveUp puede ayudarles a optimizar costes de movilidad.,Agendar demo/reunión con especialista,Converted
3da7facf-bfc,c94b6592,Patricia Ruiz,Gerente de Administración,Corp Systems,Química,Argentina,Buenos Aires,39,10802000,Feria o evento,2025-11-18,Patricia mostró un interés inmediato en MoveUp debido al crecimiento de la empresa y la necesidad de gestionar mejor los costes de movilidad.,1,2025-11-23,5,0,PRIMERA_LLAMADA,PRIMERA_LLAMADA,"Agente: Hola Patricia, ¿cómo estás? Soy Laura Gómez de MoveUp. Nos conocimos en la feria la semana pasada.
Contacto: Hola Laura, muy bien, gracias. Sí, te recuerdo. Estábamos muy interesados en vuestro servicio.
Agente: Genial, quería saber más sobre vuestras necesidades de movilidad. ¿Cuántos desplazamientos realizan al mes?
Contacto: Últimamente, hemos tenido un alto volumen, alrededor de 150-200 desplazamientos mensuales.
Agente: Entiendo. ¿Tenéis algún problema específico que queráis resolver con nuestro servicio?
Contacto: Sí, estamos buscando reducir los costes y mejorar el control de los gastos de movilidad.
Agente: Perfecto, MoveUp puede ayudar con eso. ¿Cuál es vuestro presupuesto aproximado para estos servicios?
Contacto: Nos gustaría mantenernos dentro de un rango adecuado, pero estamos abiertos a propuestas que optimicen nuestro gasto.
Agente: Excelente, podemos trabajar en eso. ¿Te parece bien si te envío documentación detallada sobre nuestras tarifas y servicios?
Contacto: Sí, por favor, eso me vendría muy bien.
Agente: Perfecto, te la envío enseguida.
Contacto: Muchas gracias, estaré atenta.
Agente: Gracias a ti, Patricia. Un placer hablar contigo.",Laura introdujo a Patricia en los servicios de MoveUp y acordaron enviar documentación detallada sobre tarifas y servicios.,Enviar documentación,Converted
cc698953-513,c94b6592,Patricia Ruiz,Gerente de Administración,Corp Systems,Química,Argentina,Buenos Aires,39,10802000,Feria o evento,2025-11-18,Patricia mostró un interés inmediato en MoveUp debido al crecimiento de la empresa y la necesidad de gestionar mejor los costes de movilidad.,2,2025-11-28,10,5,Laura introdujo a Patricia en los servicios de MoveUp y acordaron enviar documentación detallada sobre tarifas y servicios.,Enviar documentación,"Agente: Hola Patricia, ¿cómo estás? Soy Laura de nuevo, ¿recibiste la documentación que te envié?
Contacto: Hola Laura, sí la revisé. Me parece muy interesante y creo que podría ajustarse a lo que buscamos.
Agente: Me alegra escuchar eso. ¿Te gustaría que organizáramos una demo para mostrarte nuestro sistema en acción?
Contacto: Sí, lo agradecería mucho. Estoy interesada en ver cómo podríamos aplicarlo en Corp Systems.
Agente: ¿Te parece bien si organizamos una demo con nuestro especialista, Roberto Sánchez? Él podrá resolver cualquier duda técnica que tengas.
Contacto: Claro, la próxima semana el miércoles me vendría bien.
Agente: Perfecto, agendaré la reunión para el miércoles. Te enviaré una invitación con los detalles.
Contacto: Muchas gracias, Laura. Espero la reunión con interés.
Agente: De nada, Patricia. Nos vemos pronto.",Patricia revisó la documentación y mostró interés en una demo. Se agendó una reunión con el especialista.,Agendar demo/reunión con especialista,Converted
0082849b-4cd,c94b6592,Patricia Ruiz,Gerente de Administración,Corp Systems,Química,Argentina,Buenos Aires,39,10802000,Feria o evento,2025-11-18,Patricia mostró un interés inmediato en MoveUp debido al crecimiento de la empresa y la necesidad de gestionar mejor los costes de movilidad.,3,2025-12-05,17,7,Patricia revisó la documentación y mostró interés en una demo. Se agendó una reunión con el especialista.,Agendar demo/reunión con especialista,"Agente: Hola Patricia, ¿cómo estás? Laura aquí. ¿Cómo te fue con la demo?
Contacto: Hola Laura, la demo fue muy esclarecedora. Roberto explicó todo de manera excelente.
Agente: Me alegra oír eso. ¿Crees que MoveUp podría ser útil para Corp Systems?
Contacto: Definitivamente. Nos interesa mucho avanzar y firmar el contrato lo antes posible. Tenemos bastante urgencia.
Agente: Perfecto, ¿necesitáis alguna documentación adicional o aclaración antes de proceder?
Contacto: No, creo que todo está claro. Solo necesitamos confirmar los términos finales.
Agente: Excelente. Prepararé el contrato y te lo enviaré para revisión final.
Contacto: Muy bien, estaré esperando para dar el visto bueno.
Agente: Gracias, Patricia. Enviaremos todo en breve. Ha sido un placer trabajar contigo.
Contacto: Igualmente, Laura. Esperaré el contrato para confirmar.
Agente: Genial, hablaremos pronto.",La demo fue satisfactoria y Patricia expresó su interés en cerrar el contrato rápidamente.,Esperar confirmación cliente,Converted
8ce93435-da2,384589cb,Marta Romero,Director Comercial,Omega Consulting,Farmacéutica,España,Córdoba,24,2955000,Llamada en frío,2026-01-26,Marta mostró interés inicial en entender cómo nuestro servicio podría optimizar el transporte corporativo.,1,2026-01-30,4,0,PRIMERA_LLAMADA,PRIMERA_LLAMADA,"Agente: Hola Marta, ¿cómo estás? Soy Ana Ruiz de MoveUp. Quería hablarte sobre cómo podríamos mejorar la movilidad de tu equipo en Omega Consulting.
Contacto: Hola Ana, gracias por llamar. Tenemos un proveedor actual y no estamos buscando cambios.
Agente: Entiendo, pero me gustaría saber si están satisfechos con el servicio y las tarifas actuales. Tenemos opciones muy competitivas.
Contacto: Bueno, la verdad es que tenemos un presupuesto bastante ajustado este año y no creo que podamos comprometernos con un nuevo gasto.
Agente: Comprendo, pero ¿sabías que podríamos reducir sus costes actuales de transporte? Podríamos analizar juntos sus necesidades.
Contacto: Apuntamos a mantener nuestros gastos bajo control, y en este momento no estamos en posición de cambiar de proveedor.
Agente: Entiendo la situación. ¿Crees que podríamos agendar una demo para mostrarte cómo podría funcionar para ustedes?
Contacto: Sinceramente, no creo que sea posible en este momento, estamos pasando por una reorganización interna.
Agente: Perfecto, Marta. En ese caso, lo dejamos por aquí. Si la situación cambia, estaré encantada de ayudar.
Contacto: De acuerdo, gracias por entender.
Agente: Gracias a ti por tu tiempo, Marta. Cualquier cosa, estaré a tu disposición.
Contacto: Gracias, Ana.","Marta expresó que actualmente están satisfechos con su proveedor, tienen un presupuesto ajustado y están en reorganización interna. No se mostró interés en cambiar de proveedor.",Cerrar lead - no interesado,Lost
33fa0343-b27,41147f62,Rafael Ruiz,CEO,Max Consulting,Construcción,Argentina,Buenos Aires,84,16264000,LinkedIn,2026-03-02,Rafael Ruiz mostró un alto interés en MoveUp debido a la necesidad de optimizar los costes de movilidad de su empresa.,1,2026-03-07,5,0,PRIMERA_LLAMADA,PRIMERA_LLAMADA,"Agente: Hola Rafael, soy Laura Gómez de MoveUp. ¿Cómo estás?
Contacto: Hola Laura, muy bien, gracias. Hemos estado viendo su servicio en LinkedIn y nos parece interesante.
Agente: ¡Qué bien! Cuéntame, ¿cómo están manejando actualmente los desplazamientos corporativos?
Contacto: Usamos una combinación de taxis y transporte privado, pero está resultando costoso.
Agente: Entiendo, MoveUp puede ayudar a reducir esos costes con un sistema de gestión eficiente.
Contacto: Eso es justamente lo que buscamos. Además, estamos en pleno crecimiento y aumentará el volumen de viajes.
Agente: Perfecto, Rafael. Me gustaría agendar una reunión con nuestra especialista para analizar más detalles.
Contacto: Claro, me parece bien.
Agente: Genial, voy a coordinarlo con Elena Navarro para que puedan revisar juntos un plan personalizado.
Contacto: Perfecto, quedo atento.
Agente: Muy bien, Rafael. Te contacto pronto para fijar la fecha.
Contacto: Muchas gracias, Laura.",El contacto mostró interés en optimizar la movilidad y acordaron una reunión con el especialista.,Agendar demo/reunión con especialista,Converted
85229d69-4f8,41147f62,Rafael Ruiz,CEO,Max Consulting,Construcción,Argentina,Buenos Aires,84,16264000,LinkedIn,2026-03-02,Rafael Ruiz mostró un alto interés en MoveUp debido a la necesidad de optimizar los costes de movilidad de su empresa.,2,2026-03-10,8,3,El contacto mostró interés en optimizar la movilidad y acordaron una reunión con el especialista.,Agendar demo/reunión con especialista,"Agente: Hola Rafael, soy Laura nuevamente, ¿cómo estás?
Contacto: Hola Laura, todo bien, gracias por preguntar.
Agente: Perfecto. Quería confirmar que hemos agendado la reunión con Elena para el jueves a las 10 a.m.
Contacto: Excelente, justo a tiempo, ya que necesitamos implementar algo pronto.
Agente: Entiendo la urgencia, nuestro sistema es muy flexible y rápido de implementar.
Contacto: Eso sería ideal, especialmente con el volumen de viajes que manejamos.
Agente: Además, ayuda a controlar los gastos y mejorar la planificación.
Contacto: Es exactamente lo que necesitamos para seguir creciendo sin problemas.
Agente: Entonces, confirmamos la reunión para el jueves. Elena abordará todas sus preguntas.
Contacto: Perfecto, estaremos listos para esa fecha.
Agente: Nos vemos entonces, Rafael.
Contacto: Gracias, Laura.",Se confirmó la reunión con la especialista para discutir la implementación urgente.,Esperar confirmación cliente,Converted
1c7d256f-118,41147f62,Rafael Ruiz,CEO,Max Consulting,Construcción,Argentina,Buenos Aires,84,16264000,LinkedIn,2026-03-02,Rafael Ruiz mostró un alto interés en MoveUp debido a la necesidad de optimizar los costes de movilidad de su empresa.,3,2026-03-12,10,2,Se confirmó la reunión con la especialista para discutir la implementación urgente.,Esperar confirmación cliente,"Agente: Hola Rafael, ¿cómo te fue en la reunión con Elena?
Contacto: Hola Laura, fue excelente. Elena nos aclaró todas las dudas y el plan nos convence.
Agente: ¡Qué buena noticia! ¿Crees que están listos para proceder?
Contacto: Sí, exactamente lo que necesitamos para mejorar nuestros desplazamientos.
Agente: Fantástico. Entonces, sólo necesitamos la firma de confirmación para iniciar.
Contacto: Ya lo tenemos todo listo, te enviaremos la confirmación hoy mismo.
Agente: Perfecto, empezaremos con la configuración tan pronto recibamos el documento.
Contacto: Suena bien, gracias por todo el apoyo.
Agente: A ti, Rafael. Seguiremos en contacto para cualquier cosa adicional.
Contacto: Claro, muchas gracias, Laura.
Agente: Gracias a ti.","El cliente confirmó que procederá con el cambio a MoveUp, mostrando alto interés y urgencia.",Esperar confirmación cliente,Converted
caf67424-07f,1ca8d87c,Rafael González,Director General,Tech Services,Distribución,España,Barcelona,923,96119000,Google Ads,2026-02-16,"La empresa mostró un gran interés en MoveUp debido al crecimiento y el alto volumen de desplazamientos, buscando una solución urgente para los costos de movilidad.",1,2026-02-22,6,0,PRIMERA_LLAMADA,PRIMERA_LLAMADA,"Agente: Hola, ¿es el señor Rafael González?
Contacto: Sí, él habla. ¿Con quién tengo el gusto?
Agente: Soy Sofía Moreno de MoveUp. Me alegra hablar con usted. Su empresa está interesada en nuestros servicios de movilidad, ¿correcto?
Contacto: Exactamente, estamos buscando optimizar nuestros costes de movilidad, ya que hemos tenido un crecimiento sustancial recientemente.
Agente: ¡Eso es fantástico! MoveUp puede ayudar a manejar un alto volumen de desplazamientos de manera eficiente. ¿Cuántos viajes suelen tener al mes?
Contacto: Aproximadamente unos 500, y esperamos que ese número crezca.
Agente: Perfecto, nuestro sistema puede ser muy beneficioso para ahorrar tiempo y costes con ese volumen. ¿Cómo de urgente es para ustedes encontrar una solución?
Contacto: Muy urgente, realmente nos gustaría implementar algo en el próximo mes como máximo.
Agente: Entiendo. Podríamos agendar una demostración de nuestro servicio con nuestro especialista, Roberto Sánchez, para esta misma semana. ¿Le parece bien?
Contacto: Sí, me gustaría mucho ver cómo funciona todo. Estoy libre este jueves por la tarde.
Agente: Excelente. ¿Podemos entonces agendar la demo para el jueves a las 4 PM?
Contacto: Perfecto, ahí estaré.
Agente: Genial, le enviaré una confirmación de la reunión por correo electrónico. Muchas gracias, Rafael.
Contacto: Gracias a usted, Sofía. Nos vemos el jueves.",Se acordó una demostración con el especialista para mostrar el sistema y sus beneficios.,Agendar demo/reunión con especialista,Converted
d3e4aba7-404,fc3d30ea,Isabel Jiménez,Jefe de Proyectos,Prime Networks,Servicios Financieros,España,Córdoba,3067,472013000,Inbound / Blog,2026-03-20,Inicialmente interesada en explorar opciones de movilidad para reducir costos y mejorar la eficiencia en los desplazamientos corporativos.,1,2026-03-24,4,0,PRIMERA_LLAMADA,PRIMERA_LLAMADA,"Agente: Hola Isabel, soy Ana Ruiz de MoveUp. ¿Cómo estás hoy?
Contacto: Hola Ana, estoy bien, gracias. Cuéntame, ¿en qué puedo ayudarte?
Agente: Nos gustaría presentarte nuestro servicio de movilidad corporativa. Hemos visto que Prime Networks busca mejorar la gestión de sus viajes. Ofrecemos una solución que podría ayudar a reducir costos.
Contacto: Sí, hemos estado mirando opciones, pero la verdad es que ya trabajamos con otro proveedor y nos sentimos cómodos por ahora.
Agente: Entiendo. ¿Tienen algún problema específico con su proveedor actual que les gustaría solucionar?
Contacto: No realmente, pero siempre estamos abiertos a escuchar nuevas propuestas. Sin embargo, este año nuestro presupuesto es bastante ajustado.
Agente: Claro, sabemos que el presupuesto es un factor importante. ¿Puedo preguntar cuántos viajes realizan aproximadamente al mes para ver si podemos ofrecerles una propuesta competitiva?
Contacto: Aproximadamente unos 500, pero como te digo, estamos muy limitados económicamente ahora mismo.
Agente: Comprendo. Creemos que podemos ofrecer un ahorro significativo, ¿te gustaría que te enviara más información detallada sobre nuestros paquetes?
Contacto: Por ahora, preferiría no complicarnos más. Estamos en medio de una reorganización interna y no es el mejor momento.
Agente: Entiendo, Isabel. No quiero ocupar más de tu tiempo. ¿Te parece bien si te contacto más adelante cuando la situación interna esté más estable?
Contacto: Me parece bien, pero no te prometo que cambie mucho la situación.
Agente: Gracias por tu tiempo. Hablaremos cuando sea más conveniente.
Contacto: De acuerdo, gracias Ana.",Isabel mostró poco interés debido a un presupuesto ajustado y una reorganización interna. No está interesada en cambiar de proveedor actualmente.,Cerrar lead - no interesado,Lost
50d69990-1b9,77220f5b,Alejandro López,Gerente de Administración,Pro Dynamics,Servicios Financieros,Colombia,Bogotá,669,187441000,Referencia de cliente,2026-03-17,"Pro Dynamics mostró interés inicial debido a una referencia de cliente, pero tienen preocupaciones sobre el presupuesto y ya cuentan con otro proveedor.",1,2026-03-18,1,0,PRIMERA_LLAMADA,PRIMERA_LLAMADA,"Agente: Hola Alejandro, soy Marta Díaz de MoveUp. ¿Cómo estás hoy?
Contacto: Hola Marta, bien, gracias. ¿En qué puedo ayudarte?
Agente: Quería hablar sobre cómo MoveUp podría optimizar la movilidad corporativa en Pro Dynamics. Entiendo que un cliente nuestro los refirió.
Contacto: Sí, nos hablaron de ustedes, pero actualmente ya trabajamos con otro proveedor.
Agente: Lo entiendo. Nuestro servicio puede ofrecer tarifas competitivas y una mejor experiencia. ¿Cuál es su volumen mensual de viajes?
Contacto: Estamos hablando de unos 200 viajes al mes.
Agente: Con ese volumen, podríamos ofrecer un paquete atractivo. ¿Tienen algún problema específico con su proveedor actual?
Contacto: No realmente, pero siempre estamos abiertos a escuchar.
Agente: Perfecto, puedo enviar más información detallada sobre nuestros servicios y tarifas. ¿Te parece bien?
Contacto: Claro, envíame lo que tengas.
Agente: Genial, te lo mando hoy mismo. Hablamos pronto.
Contacto: Bien, estaré pendiente.","Alejandro mostró cierto interés en recibir información adicional, aunque mencionó que ya tienen un proveedor.",Enviar documentación,Lost
16c6fa18-782,77220f5b,Alejandro López,Gerente de Administración,Pro Dynamics,Servicios Financieros,Colombia,Bogotá,669,187441000,Referencia de cliente,2026-03-17,"Pro Dynamics mostró interés inicial debido a una referencia de cliente, pero tienen preocupaciones sobre el presupuesto y ya cuentan con otro proveedor.",2,2026-03-25,8,7,"Alejandro mostró cierto interés en recibir información adicional, aunque mencionó que ya tienen un proveedor.",Enviar documentación,"Agente: Hola Alejandro, soy Marta de nuevo. Quería confirmarte que envié la información la semana pasada. ¿Pudiste revisarla?
Contacto: Hola Marta, sí, la revisé. Parece interesante, pero como te comenté, estamos satisfechos con nuestro proveedor actual.
Agente: Entiendo, Alejandro. ¿Te preocupa el presupuesto? Podemos ajustar nuestras ofertas.
Contacto: Sí, eso es un factor, especialmente con el presupuesto ajustado para este año.
Agente: Comprendo. Si te parece, podemos agendar una reunión con nuestra especialista, Elena Navarro, para ver opciones más personalizadas.
Contacto: Podría ser, pero tengo mucha carga de trabajo ahora mismo.
Agente: Claro, te entiendo. ¿Quieres que lo dejemos para más adelante?
Contacto: Sí, por favor, recontacta en unas semanas.
Agente: De acuerdo, así lo haré.",Alejandro mostró interés pero no pudo comprometerse a una reunión debido a la carga de trabajo y el presupuesto limitado.,Recontactar en X días,Lost
ca6b83c7-7e5,77220f5b,Alejandro López,Gerente de Administración,Pro Dynamics,Servicios Financieros,Colombia,Bogotá,669,187441000,Referencia de cliente,2026-03-17,"Pro Dynamics mostró interés inicial debido a una referencia de cliente, pero tienen preocupaciones sobre el presupuesto y ya cuentan con otro proveedor.",3,2026-04-08,22,14,Alejandro mostró interés pero no pudo comprometerse a una reunión debido a la carga de trabajo y el presupuesto limitado.,Recontactar en X días,"Agente: Hola Alejandro, soy Marta. Quería hacer seguimiento al interés anterior y ver si ahora es un buen momento para reevaluar nuestra propuesta.
Contacto: Hola Marta, aprecio el seguimiento, pero estamos en medio de una reorganización interna que nos impide tomar decisiones de cambio ahora.
Agente: Lo entiendo, Alejandro. La situación a veces es complicada. ¿Te gustaría que mantuviéramos contacto para el futuro cuando las cosas se estabilicen?
Contacto: Honestamente, en este momento no buscamos cambiar de proveedor.
Agente: Entiendo perfectamente. Gracias por tu tiempo y si en el futuro las cosas cambian, estamos aquí para ayudarte.
Contacto: Gracias, Marta. Lo tomaré en cuenta.
Agente: De acuerdo, cerraré nuestro lead por ahora. Espero que todo vaya bien con la reorganización.
Contacto: Gracias. Que tengas un buen día.","Alejandro confirmó que no están interesados en cambiar de proveedor debido a una reorganización interna, cerrando el lead como no interesado.",Cerrar lead - no interesado,Lost
b27c4af1-9cd,6884d1be,Miguel López,Responsable de Flota,Iberia Logistics,Farmacéutica,España,Málaga,200,17838000,Formulario web,2026-02-05,Miguel mostró interés inicial en conocer las opciones de movilidad para su flota corporativa.,1,2026-02-12,7,0,PRIMERA_LLAMADA,PRIMERA_LLAMADA,"Agente: Hola, Miguel. Soy Carlos Martínez de MoveUp. ¿Cómo estás?
Contacto: Hola, Carlos. Bien, gracias. Estaba esperando tu llamada.
Agente: Perfecto. Quería saber cómo podemos ayudar a Iberia Logistics con sus necesidades de movilidad.
Contacto: Estamos considerando opciones para mejorar la eficiencia de nuestra flota. Ahora mismo tenemos 200 empleados y queremos algo que sea escalable.
Agente: Entiendo. MoveUp podría ofrecer una solución muy flexible para vosotros. ¿Tienes idea del volumen de viajes que manejáis al mes?
Contacto: Aproximadamente unos 150 a 200 viajes mensuales, pero queremos ver si podemos reducir costes o mejorar la logística.
Agente: Claro, eso suena manejable. Puedo enviaros un análisis de costes comparativo. ¿Qué tal os va el presupuesto para este tipo de servicios?
Contacto: Bueno, actualmente estamos revisando varios proveedores, pero necesitamos más información antes de movernos.
Agente: Comprendo. Puedo también coordinar una reunión con nuestra especialista, Cristina Vera, para que os explique cómo podríamos optimizar vuestra flota.
Contacto: Eso suena bien, pero por ahora estamos en una fase de evaluación y no tenemos urgencia.
Agente: Perfecto, Miguel. Entonces, para seguir adelante, ¿te parece si te envío algunos documentos detallando nuestros servicios?
Contacto: Sí, eso sería útil. Los revisaremos internamente.
Agente: Estupendo. Te los enviaré hoy mismo. Quedamos en contacto.
Contacto: Perfecto, Carlos. Muchas gracias por la información.",Miguel está evaluando opciones y ha solicitado documentación para más detalles.,Cerrar lead - nurturing,Nurturing
98072d72-868,a9f7572a,Patricia Pérez,Responsable de Flota,Digi Group,Logística,España,Córdoba,44,8411000,Referencia de cliente,2026-03-22,"Patricia, como responsable de flota, mostró un alto interés en optimizar los costes de movilidad debido a un crecimiento reciente en el volumen de desplazamientos de la empresa.",1,2026-03-28,6,0,PRIMERA_LLAMADA,PRIMERA_LLAMADA,"Agente: Hola Patricia, ¿cómo estás? Soy Sofía Moreno de MoveUp, ¿te va bien si hablamos unos minutos?
Contacto: Hola Sofía, sí, perfecto. Justo estaba revisando nuestro presupuesto de movilidad.
Agente: Genial. Me comentaron que están experimentando un crecimiento en los desplazamientos corporativos, ¿es así?
Contacto: Así es, hemos aumentado alrededor de un 20% este trimestre y necesitamos optimizar estos gastos urgentemente.
Agente: Entiendo. Nuestro servicio puede ayudarles a reducir costes significativamente. ¿Cómo gestionan actualmente los viajes?
Contacto: Usamos taxis locales y algunas veces alquilamos coches, pero los costos se han disparado.
Agente: Claro, nuestra plataforma ofrece una solución más eficiente. También pueden obtener reportes detallados de cada viaje para un mejor control.
Contacto: Eso suena muy bien. Estamos buscando precisamente más control y eficiencia.
Agente: Perfecto. Puedo agendar una reunión con nuestro especialista, Tomás Iglesias, para que explique en detalle cómo podemos ayudarles.
Contacto: Sí, me gustaría conocer más a fondo. ¿Cuándo podríamos tener esa reunión?
Agente: Tomás tiene disponibilidad esta semana, ¿te parece bien el jueves a las 11:00?
Contacto: Me parece perfecto, el jueves a las 11:00 entonces.
Agente: Excelente, te enviaré una invitación de calendario para esa fecha.
Contacto: Gracias, Sofía. Espero con interés la reunión.
Agente: Perfecto, Patricia. Quedamos entonces para el jueves. Hasta pronto.
Contacto: Hasta pronto.",Se agendó una reunión con el especialista tras confirmar el interés de Digi Group en optimizar sus costes de movilidad.,Agendar demo/reunión con especialista,Converted
88d1542e-71e,cd059f5a,Roberto Iglesias,CFO,Smart Dynamics,Energía,España,Las Palmas,175,36194000,Formulario web,2025-11-05,Smart Dynamics mostró interés moderado en el servicio de movilidad corporativa para evaluar opciones y obtener más información.,1,2025-11-06,1,0,PRIMERA_LLAMADA,PRIMERA_LLAMADA,"Agente: Buenas tardes, Roberto. Soy Sofía Moreno de MoveUp, ¿cómo estás hoy?
Contacto: Buenas tardes, Sofía. Todo bien, gracias. ¿Y tú?
Agente: Muy bien, gracias. Me alegra hablar contigo. Recibimos tu solicitud de información sobre nuestros servicios de movilidad corporativa.
Contacto: Sí, estamos explorando opciones para optimizar el transporte de nuestros empleados. Queremos entender cómo funciona vuestro servicio.
Agente: Claro, MoveUp ofrece una solución flexible y eficiente. Tenemos experiencia con empresas de diferentes sectores y tamaños. ¿Cuántos viajes aproximadamente realizan al mes?
Contacto: Aproximadamente unos 200 viajes mensuales.
Agente: Perfecto. Nuestro servicio se adapta bien a ese volumen. ¿Tienen algún presupuesto estimado para este tipo de servicio?
Contacto: Todavía estamos en fase de análisis, así que no tenemos un presupuesto definido. Queremos asegurarnos de que sea una inversión adecuada antes de proceder.
Agente: Entiendo. Puedo enviarte documentación detallada sobre nuestros planes de precios y opciones. Además, podemos organizar una demo con Tomás Iglesias, nuestro especialista.
Contacto: Me parece bien la documentación, así podemos analizarlo internamente. Prefiero esperar con la demo hasta que tengamos un panorama más claro.
Agente: De acuerdo, te enviaré la información por correo. Quedamos entonces a la espera de vuestra confirmación sobre la siguiente etapa.
Contacto: Perfecto, gracias, Sofía. Estamos en contacto.
Agente: Gracias a ti, Roberto. Espero tu respuesta. Que tengas un buen día.","Roberto mostró interés en recibir documentación para analizar internamente y valorar opciones, sin prisa por agendar una demo.",Cerrar lead - nurturing,Nurturing
ec89f044-a76,564924bd,Ana Sánchez,Director de RRHH,Omega Partners,Banca,España,Palma,159,42434000,Email marketing,2026-01-17,Omega Partners mostró un alto interés inicial debido a su reciente crecimiento y la necesidad urgente de optimizar los costes de movilidad corporativa.,1,2026-01-22,5,0,PRIMERA_LLAMADA,PRIMERA_LLAMADA,"Agente: Hola Ana, soy Pablo Fernández de MoveUp. ¿Cómo estás?
Contacto: Hola Pablo, muy bien, gracias. ¿Y tú?
Agente: Bien, gracias. Te llamo porque entiendo que estáis interesados en optimizar vuestros costes de movilidad. ¿Es correcto?
Contacto: Sí, justo. Con nuestro crecimiento reciente, los desplazamientos han aumentado y necesitamos una solución mejor.
Agente: Entiendo. MoveUp puede ayudar a gestionar esos viajes de manera más eficiente. ¿Cuántos desplazamientos estáis manejando al mes?
Contacto: Aproximadamente unos 300 viajes mensuales.
Agente: Perfecto, eso encaja muy bien con lo que ofrecemos. Podemos agendar una demo para mostrarte cómo funcionaría para vosotros.
Contacto: Me parece bien. ¿Puedes enviarme más información antes?
Agente: Claro, te enviaré la documentación detallada por correo hoy mismo.
Contacto: Perfecto, gracias.
Agente: Gracias a ti, Ana. Hablamos pronto.",Ana mostró interés en una solución más eficiente debido al alto volumen de desplazamientos y aceptó recibir documentación.,Enviar documentación,Converted
02d905a6-991,564924bd,Ana Sánchez,Director de RRHH,Omega Partners,Banca,España,Palma,159,42434000,Email marketing,2026-01-17,Omega Partners mostró un alto interés inicial debido a su reciente crecimiento y la necesidad urgente de optimizar los costes de movilidad corporativa.,2,2026-01-25,8,3,Ana mostró interés en una solución más eficiente debido al alto volumen de desplazamientos y aceptó recibir documentación.,Enviar documentación,"Agente: Hola Ana, ¿cómo estás? Te llamo para saber si tuviste oportunidad de revisar la documentación.
Contacto: Hola Pablo, sí, la revisé y estoy muy interesada. Me gustaría que hablara con mi equipo de RRHH.
Agente: Eso suena muy bien. Podemos agendar una reunión con nuestro especialista, Tomás Iglesias, para resolver cualquier duda que tengáis.
Contacto: Me parece perfecto, necesitamos movernos rápido con esto.
Agente: ¡Excelente! ¿Qué día te vendría bien para la reunión?
Contacto: Este jueves a las 11:00 sería ideal.
Agente: Genial, lo agendo para entonces. Tomás estará con vosotros para resolver cualquier pregunta y mostrarles más detalles.
Contacto: Muchas gracias, Pablo. Espero con ansias la reunión.
Agente: Gracias a ti, Ana. Nos vemos el jueves.",Ana confirmó su interés y agendó una reunión con el especialista para cerrar los detalles.,Esperar confirmación cliente,Converted
2b99a53a-22b,c7f04a0e,Lucía Fernández,CEO,Corp Consulting,Distribución,Argentina,Buenos Aires,349,42762000,Partner comercial,2025-12-31,"Lucía mostró un interés inicial debido a una recomendación de nuestro partner comercial, pero se mostró cautelosa debido a la situación económica actual.",1,2026-01-01,1,0,PRIMERA_LLAMADA,PRIMERA_LLAMADA,"Agente: Hola Lucía, ¿cómo estás? Soy Sofía Moreno de MoveUp. Quería hablar un poco sobre cómo podemos ayudar a Corp Consulting con sus necesidades de movilidad.
Contacto: Hola, Sofía. Aprecio la llamada, pero actualmente estamos satisfechos con nuestro proveedor actual.
Agente: Entiendo, pero me gustaría saber si hay algo que MoveUp pueda ofrecer que mejore su situación actual. ¿Quizás podríamos reducir sus costos de transporte?
Contacto: La verdad es que el presupuesto es una limitante para nosotros, y cualquier cambio ahora sería complicado.
Agente: Completamente comprensible. ¿Puedo preguntar si tienen algún plan de expansión o cambios en su infraestructura de movilidad que podríamos apoyar?
Contacto: En estos momentos, estamos en medio de una reorganización interna, así que no estamos tomando decisiones a largo plazo.
Agente: Claro, quiero asegurarme de que MoveUp pueda ser una opción para ustedes cuando estén listos. ¿Podríamos agendar una reunión con nuestro especialista para revisar opciones futuras?
Contacto: Prefiero no comprometerme a nada por ahora, tal vez más adelante.
Agente: Entiendo. Si cambian de opinión, estaremos encantados de ayudar. ¿Podría enviarle alguna documentación para que la tenga a mano?
Contacto: Por ahora, no sería necesario. Gracias, Sofía.
Agente: Gracias a ti por tu tiempo, Lucía. Si tienes alguna pregunta, no dudes en contactarnos.
Contacto: De acuerdo, lo haré. Hasta luego, Sofía.
Agente: Hasta luego.","Lucía expresó objeciones sobre el presupuesto y la reorganización interna, mostrando falta de interés en cambiar de proveedor.",Cerrar lead - no interesado,Lost
71522fc2-939,cc29da80,Alberto Torres,Director de RRHH,Digi Consulting,Consultoría IT,España,Valladolid,3791,974048000,LinkedIn,2025-11-12,"El lead mostró interés inicial en optimizar los costos de movilidad para sus empleados, pero tenía preocupaciones sobre el presupuesto disponible.",1,2025-11-13,1,0,PRIMERA_LLAMADA,PRIMERA_LLAMADA,"Agente: Hola, Alberto. Soy Sofía Moreno de MoveUp. ¿Cómo estás hoy?
Contacto: Hola, Sofía. Bien, gracias. Un poco ocupado, como siempre.
Agente: Entiendo. Quería hablar contigo sobre cómo MoveUp puede ayudarlos a optimizar los viajes corporativos. ¿Tienen algún sistema actual para eso?
Contacto: Sí, actualmente trabajamos con otro proveedor, pero siempre estamos abiertos a escuchar.
Agente: Genial. Nuestro servicio ofrece tarifas competitivas y podría ayudar a reducir sus costos en un 15-20%.
Contacto: Suena interesante, pero estamos ajustados con el presupuesto este trimestre.
Agente: Lo entiendo. Tenemos flexibilidad en nuestros planes. Sería útil para ustedes tener una demostración de cómo funcionamos.
Contacto: Tal vez. Pero ahora mismo, estamos en medio de una reorganización interna.
Agente: Puedo agendar una demo para cuando sea más conveniente o dejar más información.
Contacto: Claro, envíanos más documentación y lo revisamos.
Agente: Perfecto, te enviaré un correo con todos los detalles. Gracias por tu tiempo, Alberto.
Contacto: De acuerdo, gracias a ti, Sofía.",Alberto mostró interés pero mencionó tener un proveedor actual y presupuesto insuficiente. Solicitó documentación para evaluar.,Enviar documentación,Lost
74e91593-a91,cc29da80,Alberto Torres,Director de RRHH,Digi Consulting,Consultoría IT,España,Valladolid,3791,974048000,LinkedIn,2025-11-12,"El lead mostró interés inicial en optimizar los costos de movilidad para sus empleados, pero tenía preocupaciones sobre el presupuesto disponible.",2,2025-11-20,8,7,Alberto mostró interés pero mencionó tener un proveedor actual y presupuesto insuficiente. Solicitó documentación para evaluar.,Enviar documentación,"Agente: Hola de nuevo, Alberto. ¿Recibiste la documentación que te envié?
Contacto: Hola, Sofía. Sí, la revisé brevemente.
Agente: ¿Qué te parece? ¿Te gustaría que programe una reunión con Roberto, nuestro especialista?
Contacto: Mira, la verdad es que no es la prioridad ahora mismo. La situación financiera y la reorganización nos tienen atados.
Agente: Comprendo. Quizás podríamos ajustarnos a sus necesidades específicas o esperar un mejor momento para retomar.
Contacto: Agradezco la oferta, pero por ahora no estamos interesados en hacer cambios.
Agente: Está bien, gracias por tu sinceridad, Alberto. Si en el futuro cambia la situación, estaré aquí para ayudar.
Contacto: Claro, lo tendré en cuenta.
Agente: Muchas gracias por tu tiempo y consideración. Que tengas un buen día.
Contacto: Igualmente, Sofía.",Alberto confirmó que la situación actual no permite avanzar y decidió no seguir adelante con MoveUp.,Cerrar lead - no interesado,Lost
25fa398c-e90,26a8e916,Rafael Álvarez,Gerente de Administración,Iberia Logistics,Tecnología,España,Las Palmas,509,137130000,Formulario web,2025-10-21,"Rafael mostró interés en optimizar el transporte corporativo, considerando el volumen de viajes frecuentes por parte de sus empleados y la necesidad de un sistema más organizado.",1,2025-10-24,3,0,PRIMERA_LLAMADA,PRIMERA_LLAMADA,"Agente: Hola Rafael, soy Sofía Moreno de MoveUp. Hablamos hace unos días sobre nuestras soluciones de movilidad corporativa. ¿Cómo estás?
Contacto: Hola Sofía, todo bien, gracias. Justo estaba revisando lo que me enviaste.
Agente: ¡Genial! ¿Tienes alguna pregunta sobre el servicio o quisieras profundizar en algún aspecto?
Contacto: Me interesa saber cómo podríamos gestionar mejor los viajes frecuentes de nuestros empleados. Somos bastante activos y necesitamos algo eficiente.
Agente: Perfecto, nuestro sistema se adapta a empresas de tu tamaño. ¿Cuál es el volumen aproximado de viajes que realizan mensualmente?
Contacto: Unos 200 viajes al mes, aproximadamente.
Agente: Sin problema, tenemos varios casos similares. ¿Cuál es tu presupuesto estimado para este tipo de servicios?
Contacto: Aún no tengo un número exacto, pero necesitamos algo que no dispare los costes actuales.
Agente: Entiendo. Podríamos ajustar un plan que maximice el ahorro. Puedo enviarte más detalles al respecto.
Contacto: Eso estaría muy bien, gracias.
Agente: De acuerdo, te enviaré la información hoy mismo para que la revises.
Contacto: Perfecto, quedo a la espera.
Agente: Gracias, Rafael. Quedo atenta para cualquier otra duda.
Contacto: Claro, gracias a ti.",Se discutió el volumen de viajes y se acordó enviar más detalles por correo.,Enviar documentación,In Progress
0b352b94-c39,26a8e916,Rafael Álvarez,Gerente de Administración,Iberia Logistics,Tecnología,España,Las Palmas,509,137130000,Formulario web,2025-10-21,"Rafael mostró interés en optimizar el transporte corporativo, considerando el volumen de viajes frecuentes por parte de sus empleados y la necesidad de un sistema más organizado.",2,2025-10-27,6,3,Se discutió el volumen de viajes y se acordó enviar más detalles por correo.,Enviar documentación,"Agente: Hola Rafael, soy Sofía de MoveUp. ¿Tuviste oportunidad de revisar la documentación que te envié?
Contacto: Hola, sí, la revisé y tengo algunas preguntas.
Agente: Claro, adelante.
Contacto: Me gustaría entender mejor cómo se podrían optimizar los viajes en cuanto a tiempos y costos. ¿Tienen alguna demo o presentación que puedan mostrarme?
Agente: Sí, por supuesto. Podemos coordinar una demo con nuestro especialista, Roberto Sánchez, quien te puede explicar en detalle todo el funcionamiento del servicio.
Contacto: Me parece bien. ¿Cuándo podría ser eso?
Agente: Podemos agendar una demo esta semana si te parece bien.
Contacto: Perfecto, cualquier día excepto el jueves está bien para mí.
Agente: Excelente, coordinaré con Roberto para el miércoles por la mañana.
Contacto: Eso suena genial, gracias.
Agente: De nada, Rafael. Te confirmo el horario exacto por correo.
Contacto: Quedo pendiente, gracias, Sofía.",Se resolvieron dudas iniciales y se agendó una demo con el especialista Roberto Sánchez.,Agendar demo/reunión con especialista,In Progress
aeeccfa8-56f,26a8e916,Rafael Álvarez,Gerente de Administración,Iberia Logistics,Tecnología,España,Las Palmas,509,137130000,Formulario web,2025-10-21,"Rafael mostró interés en optimizar el transporte corporativo, considerando el volumen de viajes frecuentes por parte de sus empleados y la necesidad de un sistema más organizado.",3,2025-10-29,8,2,Se resolvieron dudas iniciales y se agendó una demo con el especialista Roberto Sánchez.,Agendar demo/reunión con especialista,"Agente: Hola Rafael, ¿cómo estás? Aquí Sofía. ¿Cómo te fue con la demo?
Contacto: Hola Sofía, la demo fue muy informativa. Roberto aclaró varias de nuestras dudas.
Agente: Me alegro de que te haya servido. ¿Cómo ves el servicio para Iberia Logistics?
Contacto: Nos interesa, pero necesitamos discutirlo con nuestro director financiero antes de dar el siguiente paso.
Agente: Entiendo, es importante que todos los involucrados estén alineados. ¿Puedo hacer algo más para ayudarte en este proceso?
Contacto: Podrías enviarnos un resumen ejecutivo que podamos presentar en nuestra próxima reunión.
Agente: Claro, prepararé algo conciso y te lo enviaré a más tardar mañana.
Contacto: Eso sería perfecto, gracias.
Agente: De nada, Rafael. Quedo atenta a cualquier otra consulta que puedan tener.
Contacto: Gracias, Sofía. Estamos en contacto.",La demo fue bien recibida y Rafael necesita presentar el servicio internamente. Se acordó enviar un resumen ejecutivo.,Esperar confirmación cliente,In Progress
16187e0f-04c,5c9c8dbe,Rafael Martínez,Gerente de Administración,Pro Logistics,Química,México,Ciudad de México,34,6511000,Email marketing,2025-12-27,"Pro Logistics mostró un interés moderado en los servicios de movilidad corporativa, principalmente para optimizar los traslados de sus empleados.",1,2025-12-30,3,0,PRIMERA_LLAMADA,PRIMERA_LLAMADA,"Agente: Hola, Rafael. Soy Pablo Fernández de MoveUp. ¿Cómo estás hoy?
Contacto: Hola, Pablo. Estoy bien, gracias. ¿Qué tal tú?
Agente: Muy bien, gracias. Te contacto porque recibiste nuestro correo sobre servicios de movilidad corporativa. ¿Pudiste revisarlo?
Contacto: Sí, lo vi. Me parece interesante, pero aún estamos evaluando varias opciones.
Agente: Entiendo. Nuestro servicio puede facilitar mucho la gestión de viajes corporativos y ofrecerte un seguimiento detallado de los gastos. ¿Tienen alguna urgencia en implementar algo así?
Contacto: En realidad, estamos todavía en una fase de comparación. Queremos entender bien las opciones antes de tomar una decisión.
Agente: Perfecto, puedo enviarte más información detallada sobre cómo funciona nuestro sistema y cómo podría ajustarse a vuestras necesidades.
Contacto: Eso podría ser útil, especialmente si incluye detalles sobre costos y cómo afectaría a nuestro presupuesto actual.
Agente: Claro, enviaré una propuesta detallada con algunos escenarios de uso. ¿Hay algún volumen de viajes que te gustaría considerar para este análisis?
Contacto: Por ahora, estimamos unos 20-30 viajes al mes, pero eso podría cambiar dependiendo del crecimiento.
Agente: Excelente, incluiré eso en la propuesta. ¿Te gustaría que agendemos una reunión con nuestra especialista, Elena Navarro, para resolver cualquier duda más técnica?
Contacto: No por ahora, prefiero revisar la documentación primero y luego te contacto si es necesario.
Agente: Perfecto, Rafael. Enviaré la documentación hoy mismo. Si tienes más preguntas, no dudes en comunicarte conmigo.
Contacto: Gracias, Pablo. Estaré atento.
Agente: De nada, Rafael. Un placer hablar contigo.
",Rafael mostró interés en recibir más información detallada sobre los servicios para evaluarlos mejor. No tiene urgencia y desea revisar la documentación antes de seguir.,Cerrar lead - nurturing,Nurturing
823c6bcf-410,99a442fc,Sofía González,Gerente de Administración,Pro Logistics,Salud,España,Vigo,9571,2273321000,Referencia de cliente,2026-02-26,"Pro Logistics mostró interés moderado en los servicios de movilidad corporativa, pero quieren explorar opciones antes de tomar una decisión.",1,2026-02-28,2,0,PRIMERA_LLAMADA,PRIMERA_LLAMADA,"Agente: Hola, Sofía. Soy Sofía Moreno de MoveUp. Quería hablar contigo sobre cómo podemos apoyar a Pro Logistics con nuestros servicios de movilidad corporativa.
Contacto: Hola, Sofía. Gracias por llamar. Sí, hemos estado considerando opciones para mejorar nuestra logística de transporte interno.
Agente: Excelente. Con la cantidad de empleados que tienen, nuestros servicios podrían ser muy eficientes para ustedes. ¿Tienen alguna preferencia en cuanto a las características del servicio?
Contacto: Bueno, queremos asegurarnos de que sea algo que ofrezca flexibilidad y que sea económicamente viable.
Agente: Entiendo. Nuestros servicios son escalables y podemos adaptar un plan que se ajuste a su presupuesto. ¿Quisieras que te enviara más información detallada?
Contacto: Sí, por favor. Y también nos gustaría saber cómo se comparan sus tarifas con otros proveedores.
Agente: Por supuesto, te enviaré una comparativa junto con la documentación.
Contacto: Perfecto, estaré esperando eso.
Agente: Genial, te lo enviaré en breve. Gracias, Sofía.
Contacto: Gracias a ti.",Sofía González mostró interés y solicitó más información detallada y una comparativa de tarifas.,Enviar documentación,Nurturing
8de29250-851,99a442fc,Sofía González,Gerente de Administración,Pro Logistics,Salud,España,Vigo,9571,2273321000,Referencia de cliente,2026-02-26,"Pro Logistics mostró interés moderado en los servicios de movilidad corporativa, pero quieren explorar opciones antes de tomar una decisión.",2,2026-03-07,9,7,Sofía González mostró interés y solicitó más información detallada y una comparativa de tarifas.,Enviar documentación,"Agente: Hola, Sofía. Espero que hayas recibido la documentación que te envié la semana pasada.
Contacto: Hola, sí la recibimos. La revisamos brevemente y parece interesante.
Agente: Me alegra saber eso. ¿Tienes alguna pregunta o algo que te gustaría que aclare?
Contacto: Estamos interesados en saber más sobre cómo gestionan los volúmenes altos de viajes, dado el tamaño de nuestra empresa.
Agente: Nuestro sistema está preparado para gestionar grandes volúmenes de forma eficiente y con total transparencia en los reportes. ¿Te gustaría agendar una reunión con uno de nuestros especialistas para un análisis más detallado?
Contacto: Sí, creo que sería útil. ¿Puede ser la próxima semana?
Agente: Claro, coordinaré para que Roberto Sánchez, nuestro especialista, se reúna contigo. ¿Alguna preferencia de día y hora?
Contacto: Mejor a mediados de semana, por la mañana.
Agente: Perfecto, te mando la confirmación por email.
Contacto: Gracias, Sofía.
Agente: A ti, Sofía. Hasta pronto.",Se acordó una reunión con el especialista para discutir detalles específicos sobre la gestión de volúmenes altos de viajes.,Agendar demo/reunión con especialista,Nurturing
5e745c9b-3e8,99a442fc,Sofía González,Gerente de Administración,Pro Logistics,Salud,España,Vigo,9571,2273321000,Referencia de cliente,2026-02-26,"Pro Logistics mostró interés moderado en los servicios de movilidad corporativa, pero quieren explorar opciones antes de tomar una decisión.",3,2026-03-21,23,14,Se acordó una reunión con el especialista para discutir detalles específicos sobre la gestión de volúmenes altos de viajes.,Agendar demo/reunión con especialista,"Agente: Buenas, Sofía. ¿Cómo fue la reunión con Roberto?
Contacto: Hola, Sofía. La reunión estuvo bien, Roberto explicó todo claramente. Estamos interesados, pero necesitamos tiempo para considerar nuestro presupuesto y compararlo con otras propuestas.
Agente: Entiendo perfectamente, tomar una decisión informada es importante. ¿Hay algo más que podamos hacer para ayudarte en el proceso?
Contacto: Por ahora, creo que tenemos toda la información necesaria. Es cuestión de esperar la aprobación presupuestaria.
Agente: De acuerdo, estaré disponible para cualquier consulta que pueda surgir. ¿Te parece bien si volvemos a hablar en unas semanas para dar seguimiento?
Contacto: Sí, sería ideal. Podríamos definir mejor nuestras necesidades para entonces.
Agente: Perfecto, me pondré en contacto contigo en ese tiempo. Gracias de nuevo, Sofía.
Contacto: Gracias a ti, cuídate.
Agente: Igualmente.","La reunión con el especialista fue positiva, pero la decisión final está en espera de confirmación presupuestaria.",Cerrar lead - nurturing,Nurturing
3aa1e4c9-1fd,71dc0359,Jorge Fernández,Director de RRHH,Grupo Systems,Logística,España,Córdoba,9536,2391077000,Llamada en frío,2025-11-10,Grupo Systems mostró un alto interés inicial debido a su necesidad urgente de reducir costes de movilidad y gestionar un volumen elevado de desplazamientos.,1,2025-11-16,6,0,PRIMERA_LLAMADA,PRIMERA_LLAMADA,"Agente: Hola Jorge, soy Sofía Moreno de MoveUp. ¿Cómo estás hoy?
Contacto: Hola Sofía, estoy bien, gracias. ¿En qué puedo ayudarte?
Agente: Me gustaría hablar contigo sobre cómo MoveUp puede ayudar a Grupo Systems a gestionar sus desplazamientos de manera más eficiente.
Contacto: Eso suena interesante, especialmente porque estamos experimentando un aumento en nuestros viajes corporativos.
Agente: ¿Podrías darme una idea del volumen de viajes que está manejando actualmente?
Contacto: Sí, nos estamos moviendo constantemente entre oficinas y clientes, lo cual está incrementando nuestros gastos considerablemente.
Agente: Entiendo, MoveUp puede ofrecer tarifas corporativas más competitivas. ¿Tienes algún presupuesto en mente?
Contacto: Nuestro objetivo es reducir los costes al menos un 20% este año.
Agente: Eso es totalmente alcanzable con nuestros servicios. ¿Te parece si organizamos una reunión con nuestra especialista, Elena Navarro, para discutir más a fondo?
Contacto: Claro, me gustaría explorar más opciones.
Agente: Perfecto, entonces agendamos una demo o reunión con Elena.
Contacto: Me parece bien, ¿cuándo podrían?
Agente: Te enviaré un correo para confirmar la fecha.
Contacto: Muy bien, estaré atento.",Se despertó un interés genuino en el servicio y se acordó agendar una reunión con la especialista.,Agendar demo/reunión con especialista,Converted
efaad5db-8fb,71dc0359,Jorge Fernández,Director de RRHH,Grupo Systems,Logística,España,Córdoba,9536,2391077000,Llamada en frío,2025-11-10,Grupo Systems mostró un alto interés inicial debido a su necesidad urgente de reducir costes de movilidad y gestionar un volumen elevado de desplazamientos.,2,2025-11-19,9,3,Se despertó un interés genuino en el servicio y se acordó agendar una reunión con la especialista.,Agendar demo/reunión con especialista,"Agente: Hola Jorge, soy Sofía de nuevo. ¿Cómo estás?
Contacto: Hola Sofía, todo bien. Listo para la reunión con Elena.
Agente: Genial, ella te explicará cómo MoveUp puede adaptarse a vuestras necesidades.
Contacto: Perfecto, estamos buscando algo que pueda implementarse rápidamente.
Agente: MoveUp es muy flexible y nos adaptamos a tu ritmo. ¿Te gustaría discutir los términos ahora?
Contacto: Sí, pero necesito asegurarme de que el coste sea competitivo.
Agente: Estoy segura de que podemos ofrecerte un buen paquete. ¿Estás listo para firmar el acuerdo?
Contacto: Sí, creo que estamos listos para movernos adelante.
Agente: Excelente, entonces procederemos con la documentación para cerrar el trato.
Contacto: Perfecto, espero el siguiente paso.
Agente: Gracias, Jorge. Elena y yo estaremos en contacto.
Contacto: Muy bien, gracias a vosotros.",La reunión con la especialista fue exitosa y el lead decidió seguir adelante con el servicio.,Esperar confirmación cliente,Converted
ead275dd-8ea,791551d0,Laura Díaz,Responsable de Movilidad,Digi Systems,Servicios Financieros,España,Málaga,25,2078000,Formulario web,2026-02-12,Laura expresó un gran interés en optimizar los costes de movilidad de su empresa debido a su rápido crecimiento.,1,2026-02-13,1,0,PRIMERA_LLAMADA,PRIMERA_LLAMADA,"Agente: Hola Laura, soy Ana Ruiz de MoveUp. ¿Cómo estás hoy?
Contacto: Hola Ana, muy bien, gracias. Justamente estaba esperando tu llamada.
Agente: Me alegra escucharlo. He visto que estás interesada en nuestro servicio de movilidad corporativa.
Contacto: Sí, hemos crecido mucho este año y el volumen de desplazamientos de nuestros empleados ha aumentado considerablemente.
Agente: Entiendo. ¿Podrías comentar un poco sobre cuál es tu objetivo principal con respecto a la movilidad?
Contacto: Queremos reducir costes y mejorar la eficiencia en cómo nos movemos. Es urgente para nosotros encontrar una solución.
Agente: Perfecto, eso es justo lo que ofrecemos. Con MoveUp, puedes optimizar rutas y tener un control total sobre tus gastos.
Contacto: Eso suena ideal. ¿Podríamos ver una demostración de cómo funciona?
Agente: Claro, puedo agendar una demo con nuestro especialista Roberto Sánchez. ¿Te parece bien esta semana?
Contacto: Sí, cuanto antes mejor. Estamos bastante interesados en cerrar esto rápido.
Agente: Excelente, entonces agendaré una reunión con Roberto para que puedan ver todas las funcionalidades. ¿Te parece bien el jueves a las 10 am?
Contacto: Me parece perfecto, agendemos para esa hora.
Agente: Genial, entonces nos vemos el jueves. Te enviaré un correo con todos los detalles. Cualquier cosa, no dudes en contactarme.
Contacto: Muchas gracias, Ana. Espero la invitación.
Agente: De nada, Laura. ¡Nos vemos pronto!",Laura mostró un alto interés en el servicio y se agendó una demo con el especialista Roberto para el jueves.,Agendar demo/reunión con especialista,Converted
3d15f955-7a9,56beddd5,Isabel Díaz,Jefe de Proyectos,Prime Dynamics,Consultoría IT,España,Murcia,255,63380000,Formulario web,2026-02-16,"Isabel mostró interés inicialmente por optimizar la movilidad corporativa, pero mencionó restricciones presupuestarias.",1,2026-02-18,2,0,PRIMERA_LLAMADA,PRIMERA_LLAMADA,"Agente: Hola Isabel, soy Laura Gómez de MoveUp. ¿Cómo estás hoy?
Contacto: Hola Laura, estoy bien, gracias. ¿Y tú?
Agente: Muy bien, gracias. Quería hablar contigo sobre nuestra propuesta de movilidad corporativa. ¿Tienes un momento?
Contacto: Sí, claro. Pero te adelanto que ahora mismo estamos con un presupuesto ajustado y ya tenemos un proveedor.
Agente: Entiendo. Sin embargo, nuestros servicios podrían ofrecerte un ahorro significativo en el volumen de viajes. ¿Te gustaría saber más detalles sobre cómo podríamos optimizar estos gastos?
Contacto: La verdad es que estamos en medio de una reorganización interna, y no podemos comprometernos con ningún cambio significativo por ahora.
Agente: Comprendo la situación. ¿Tal vez podríamos agendar una reunión con nuestra especialista, Cristina Vera, para ver cómo podemos adaptar nuestra oferta durante este periodo de transición?
Contacto: Aprecio tu iniciativa, pero como mencioné, ahora mismo no estamos en posición de considerar nuevas soluciones.
Agente: Está bien, agradezco tu honestidad. ¿Qué te parece si dejamos la puerta abierta para futuras conversaciones cuando sea un buen momento para ustedes?
Contacto: Sí, eso estaría bien.
Agente: Perfecto, gracias Isabel. No te quitaré más tiempo. Que tengas un buen día.
Contacto: Igualmente, hasta luego.","Isabel expresó preocupaciones sobre el presupuesto y el compromiso con un proveedor existente, mostrando escaso interés en explorar nuevas opciones.",Cerrar lead - no interesado,Lost
e0a50e02-80d,663d3ebe,Elena Navarro,CEO,Corp Logistics,Química,España,Zaragoza,426,119491000,Feria o evento,2025-12-27,Elena mostró interés inicial en explorar opciones de movilidad corporativa para mejorar la eficiencia del transporte de sus empleados.,1,2025-12-28,1,0,PRIMERA_LLAMADA,PRIMERA_LLAMADA,"Agente: Hola Elena, soy Carlos Martínez de MoveUp. ¿Cómo estás hoy?
Contacto: Hola Carlos, bien, gracias. ¿En qué puedo ayudarte?
Agente: Me gustaría hablar sobre cómo MoveUp podría ayudar a Corp Logistics a optimizar el transporte corporativo. Ofrecemos servicios personalizados que podrían reducir costos y mejorar la eficiencia.
Contacto: Suena interesante, pero ahora mismo estamos contentos con nuestro proveedor actual.
Agente: Entiendo, aunque hemos visto que muchas empresas como la tuya han logrado reducir sus costes hasta un 15% con nuestros servicios. ¿Podrías decirme cuántos viajes realizan mensualmente?
Contacto: Realizamos alrededor de 300 viajes, pero como mencioné, estamos cómodos con nuestro proveedor actual y el presupuesto es ajustado.
Agente: Comprendo lo del presupuesto, pero quizá podríamos ofrecerte una propuesta competitiva. Además, nuestro servicio incluye soporte dedicado, que podría ser una ventaja. ¿Te interesaría una demo con nuestro especialista, Roberto Sánchez?
Contacto: Aprecio la oferta, pero honestamente no estoy segura de que este sea el mejor momento. Estamos pasando por una reorganización interna y el enfoque está en otras áreas.
Agente: Claro, entiendo tus prioridades. Si cambian de opinión, estaremos encantados de ayudar. ¿Te parece si te envío más información por correo para que lo revises en otro momento?
Contacto: Está bien, mándame la información por correo, pero no prometo nada.
Agente: Perfecto, lo haré. Gracias por tu tiempo, Elena.
Contacto: De nada, Carlos. Que tengas un buen día.","Elena mostró interés inicial, pero expresó que ya tienen un proveedor y que el presupuesto es ajustado. Acordaron enviar más información por correo.",Cerrar lead - no interesado,Lost
0a8a6163-cb7,617dbccc,Alejandro Torres,Responsable de Movilidad,Max Group,Seguros,España,Las Palmas,39,4884000,Google Ads,2025-12-11,"Alejandro mostró un interés inicial debido a una campaña de Google Ads, buscando opciones más económicas para movilidad corporativa.",1,2025-12-17,6,0,PRIMERA_LLAMADA,PRIMERA_LLAMADA,"Agente: Hola Alejandro, soy Pablo Fernández de MoveUp. Quería hablar sobre cómo podríamos ayudar con la movilidad corporativa de Max Group.
Contacto: Hola Pablo, he visto su campaña, pero la verdad es que tenemos un proveedor que nos ofrece precios bastante ajustados.
Agente: Entiendo, pero ¿estaría interesado en conocer nuestras tarifas y comparar? Creemos que podemos ofrecer una solución competitiva.
Contacto: Bueno, ahora mismo estamos bastante ajustados de presupuesto y no creo que sea el momento de cambiar.
Agente: Comprendo. ¿Podría decirme cuántos viajes mensuales realizan aproximadamente?
Contacto: Aproximadamente 300, pero como te digo, estamos contentos con nuestro proveedor actual.
Agente: Claro, aunque podría ser útil ver una demostración de cómo funcionamos para una posible futura consideración.
Contacto: No sé, lo veo complicado con la reorganización interna que tenemos ahora.
Agente: Entiendo que es un mal momento. Si en algún momento cambia de opinión, estaré aquí para ayudar.
Contacto: Está bien, gracias por la llamada.
Agente: Gracias a ti, Alejandro. Que tengas un buen día.",Alejandro no mostró interés para cambiar de proveedor debido a limitaciones de presupuesto y una reorganización interna.,Cerrar lead - no interesado,Lost
e0e68cb4-2bc,61c92676,Fernando Vega,Director de Logística,Tech Dynamics,Seguros,España,Palma,13,3817000,Feria o evento,2025-12-30,"Fernando mostró interés moderado en el servicio durante la feria, buscando opciones para el transporte corporativo.",1,2025-12-31,1,0,PRIMERA_LLAMADA,PRIMERA_LLAMADA,"Agente: Hola Fernando, soy Ana Ruiz de MoveUp. Quería agradecerte por visitarnos en la feria y ver si tienes alguna pregunta inicial.
Contacto: Hola Ana, gracias por llamar. Estamos explorando opciones para mejorar nuestro transporte corporativo. Todavía estamos en las primeras etapas.
Agente: Entiendo. ¿Qué volumen de viajes manejan actualmente?
Contacto: Aproximadamente unos 100 viajes al mes, pero eso varía según la época del año.
Agente: Perfecto. Nuestro servicio se adapta bien a esas fluctuaciones. ¿Cuál sería tu prioridad principal a la hora de elegir un proveedor?
Contacto: Principalmente la flexibilidad y la integración con nuestros sistemas existentes.
Agente: Podemos ofrecer soluciones personalizadas. ¿Te gustaría recibir más información sobre nuestras opciones de integración?
Contacto: Sí, eso sería útil.
Agente: Genial, te enviaré toda la documentación esta misma semana.
Contacto: Perfecto, gracias.
Agente: Gracias a ti, Fernando. Hablamos pronto.",Fernando mostró interés en recibir más información sobre la integración con sistemas existentes.,Enviar documentación,Nurturing
d49f8774-1d0,61c92676,Fernando Vega,Director de Logística,Tech Dynamics,Seguros,España,Palma,13,3817000,Feria o evento,2025-12-30,"Fernando mostró interés moderado en el servicio durante la feria, buscando opciones para el transporte corporativo.",2,2026-01-07,8,7,Fernando mostró interés en recibir más información sobre la integración con sistemas existentes.,Enviar documentación,"Agente: Hola Fernando, Ana de nuevo. ¿Pudiste revisar la información que te envié?
Contacto: Hola Ana, sí, la revisé y parece interesante.
Agente: Me alegra escuchar eso. ¿Tienes alguna pregunta o inquietud hasta ahora?
Contacto: Quisiera saber más sobre el costo y cómo se compara con las alternativas que estamos considerando.
Agente: Claro, nuestros precios son competitivos y ofrecemos varios paquetes ajustables según el volumen de uso. ¿Te gustaría agendar una reunión con Elena, nuestra especialista?
Contacto: Podría ser, pero primero necesito consultar internamente y definir bien nuestro presupuesto.
Agente: Entendido, ¿cuándo crees que podríamos retomar la conversación?
Contacto: Tal vez la próxima semana, después de que tengamos una reunión de equipo.
Agente: Perfecto, estaré en contacto entonces.
Contacto: Muy bien, gracias Ana.",Fernando necesita consultar internamente sobre el presupuesto antes de agendar una reunión con un especialista.,Recontactar en X días,Nurturing
8dd72733-165,61c92676,Fernando Vega,Director de Logística,Tech Dynamics,Seguros,España,Palma,13,3817000,Feria o evento,2025-12-30,"Fernando mostró interés moderado en el servicio durante la feria, buscando opciones para el transporte corporativo.",3,2026-01-14,15,7,Fernando necesita consultar internamente sobre el presupuesto antes de agendar una reunión con un especialista.,Recontactar en X días,"Agente: Hola Fernando, espero que estés bien. ¿Pudieron discutir el presupuesto internamente?
Contacto: Hola Ana, sí, lo discutimos, pero aún estamos esperando la aprobación final.
Agente: Entiendo. ¿Hay algo más en lo que pueda asistirte mientras tanto?
Contacto: Por ahora estamos bien, solo necesitamos tiempo para la aprobación.
Agente: Perfecto, entiendo la situación. Estaré aquí para lo que necesites. ¿Te gustaría que te contactara en unas semanas para hacer seguimiento?
Contacto: Sí, eso sería ideal. Muchas gracias por tu paciencia.
Agente: Gracias a ti, Fernando. Hablamos en unas semanas.
Contacto: Hasta luego, Ana.",Fernando está esperando la aprobación interna y desea ser contactado en el futuro.,Cerrar lead - nurturing,Nurturing
cff03962-e26,713fe788,Alberto Navarro,Gerente de Administración,Prime Group,Banca,España,Alicante,640,176967000,Referencia de cliente,2026-02-18,"La empresa mostró interés inicial debido a la recomendación de un cliente existente, pero expresaron preocupación por el presupuesto limitado.",1,2026-02-22,4,0,PRIMERA_LLAMADA,PRIMERA_LLAMADA,"Agente: Hola Alberto, soy Carlos Martínez de MoveUp. ¿Cómo te encuentras hoy?
Contacto: Hola Carlos, estoy bien, gracias. ¿En qué puedo ayudarte?
Agente: Nos recomendaron a través de uno de nuestros clientes y queríamos ofrecerte nuestro servicio de movilidad corporativa. ¿Cómo gestionáis actualmente los desplazamientos de tus empleados?
Contacto: Actualmente tenemos un contrato con un proveedor local. No estamos buscando cambiar en este momento.
Agente: Entiendo. ¿Tienes alguna idea del volumen de viajes que gestionáis mensualmente?
Contacto: Aproximadamente unos 300 viajes al mes, pero como te dije, no estamos considerando un cambio.
Agente: Claro, aunque podríamos ofrecerte una mejora en precio y servicio. ¿Tienes alguna preocupación específica en cuanto a costes?
Contacto: El costo es importante, pero ahora mismo el presupuesto está ajustado. Además, estamos en medio de una reorganización interna.
Agente: Comprendo, quizás podríamos agendar una reunión para mostrarte cómo podríamos ajustar nuestros servicios a tus necesidades.
Contacto: Prefiero dejarlo por ahora, pero tal vez en el futuro.
Agente: Perfecto, te enviaré más información por correo.
Contacto: Gracias, estaré pendiente.
Agente: Gracias a ti, estaré en contacto.",Alberto mostró poco interés debido a un contrato existente y preocupaciones presupuestarias.,Enviar documentación,Lost
6daa12f5-cac,713fe788,Alberto Navarro,Gerente de Administración,Prime Group,Banca,España,Alicante,640,176967000,Referencia de cliente,2026-02-18,"La empresa mostró interés inicial debido a la recomendación de un cliente existente, pero expresaron preocupación por el presupuesto limitado.",2,2026-03-01,11,7,Alberto mostró poco interés debido a un contrato existente y preocupaciones presupuestarias.,Enviar documentación,"Agente: Hola Alberto, soy Carlos de nuevo. Quería saber si tuviste oportunidad de revisar la información que te envié.
Contacto: Hola Carlos, sí, la revisé, pero como mencioné, no estamos en posición de hacer cambios ahora mismo.
Agente: Entiendo. ¿Hay algo específico que no te convenza de nuestros servicios?
Contacto: No es eso, simplemente el presupuesto y la situación interna no nos permiten movernos en este momento.
Agente: Aprecio tu honestidad. ¿Te gustaría que revisáramos esta conversación en unos meses?
Contacto: Prefiero que no, si algo cambia, seré yo quien contacte.
Agente: Gracias por tu tiempo, Alberto. Entiendo tu posición y respetamos tu decisión.
Contacto: Gracias a ti, Carlos.
Agente: Que pases un buen día.",Alberto confirmó que no están interesados debido a restricciones presupuestarias y organización interna.,Cerrar lead - no interesado,Lost
8dc122ec-fc4,45864b92,Alberto García,Director Financiero,Euro Consulting,Tecnología,Colombia,Bogotá,143,18652000,Email marketing,2026-01-17,El contacto mostró interés inicial debido a una campaña de email marketing que destacaba la optimización de costos en movilidad corporativa.,1,2026-01-19,2,0,PRIMERA_LLAMADA,PRIMERA_LLAMADA,"Agente: Hola, Alberto. Soy Javier Torres de MoveUp. ¿Cómo estás?
Contacto: Hola, Javier. Estoy bien, gracias.
Agente: Me alegra escuchar eso. Te llamo respecto al interés que mostraste en nuestra solución de movilidad corporativa a través de nuestro email.
Contacto: Sí, vi el email, pero estamos satisfechos con nuestro proveedor actual.
Agente: Entiendo. ¿Han tenido alguna preocupación con los costos o la eficiencia de sus servicios actuales?
Contacto: Bueno, siempre estamos buscando optimizar costos, pero no hemos tenido problemas significativos.
Agente: Nuestro servicio podría ofrecer una reducción de costos del 15-20% en muchos casos. ¿Crees que eso podría interesarles?
Contacto: Suena interesante, pero realmente no tenemos presupuesto para hacer cambios ahora.
Agente: Comprendo. Además, ofrecemos una demo gratuita para mostrar cómo podríamos integrar nuestro servicio sin problemas. ¿Te interesaría agendar una?
Contacto: No por el momento, como mencioné, estamos en una reorganización interna y no es un buen momento para evaluaciones.
Agente: Entiendo, Alberto. Quizás en un futuro podríamos reconsiderarlo. ¿Te parece bien si te contacto más adelante?
Contacto: Claro, podríamos hablar más adelante, pero no prometo nada.
Agente: Perfecto. Gracias por tu tiempo, Alberto.",El contacto no mostró interés en cambiar de proveedor debido a un presupuesto ajustado y una reorganización interna.,Cerrar lead - no interesado,Lost
515823cb-924,4a2e21fc,María Navarro,Director de Operaciones,Omega Consulting,Educación,Argentina,Buenos Aires,201,40164000,LinkedIn,2026-03-22,María mostró un interés inicial moderado en explorar alternativas para optimizar el transporte corporativo.,1,2026-03-27,5,0,PRIMERA_LLAMADA,PRIMERA_LLAMADA,"Agente: Hola María, soy Marta Díaz de MoveUp. ¿Cómo estás?
Contacto: Hola Marta, bien gracias. ¿En qué puedo ayudarte?
Agente: Quería hablarte sobre cómo MoveUp puede optimizar el transporte corporativo de Omega Consulting. Sabemos que tiene un gran volumen de viajes, y podríamos ofrecer una solución más eficiente.
Contacto: Entiendo, pero actualmente trabajamos con otro proveedor y estamos satisfechos.
Agente: Claro, entiendo. Sin embargo, con la situación económica actual, puede haber ahorros significativos. ¿Te gustaría ver un análisis comparativo?
Contacto: Podría ser, pero nuestro presupuesto es ajustado este año.
Agente: Lo comprendo. Podemos preparar un plan adaptado a tus necesidades y presupuesto. ¿Te parece bien si seguimos esta conversación más adelante?
Contacto: De acuerdo, pero no prometo nada.
Agente: Perfecto, entonces te recontacto en unos días.
Contacto: Está bien.","María mostró escepticismo y mencionó tener ya un proveedor, pero aceptó seguir en contacto para una futura conversación.",Recontactar en X días,Lost
bd3ef1fb-bd6,4a2e21fc,María Navarro,Director de Operaciones,Omega Consulting,Educación,Argentina,Buenos Aires,201,40164000,LinkedIn,2026-03-22,María mostró un interés inicial moderado en explorar alternativas para optimizar el transporte corporativo.,2,2026-04-01,10,5,"María mostró escepticismo y mencionó tener ya un proveedor, pero aceptó seguir en contacto para una futura conversación.",Recontactar en X días,"Agente: Hola María, soy Marta de nuevo. Espero no interrumpir.
Contacto: Hola Marta, adelante.
Agente: Quería saber si tuviste la oportunidad de revisar la documentación que te enviamos sobre las ventajas de MoveUp.
Contacto: Sí, la vi por encima, pero, como mencioné, estamos contentos con nuestro proveedor actual.
Agente: ¿Hay algún aspecto en particular que te gustaría mejorar en el servicio actual?
Contacto: La verdad es que no hemos tenido grandes problemas, salvo quizás por el costo.
Agente: Entiendo. Podríamos ofrecerte una prueba gratuita para que experimentes nuestro servicio sin compromiso. ¿Te gustaría agendar una demo con nuestra especialista, Cristina Vera?
Contacto: Podría ser, pero estamos pasando por una reorganización interna, así que no puedo comprometerme ahora.
Agente: Comprendo. Entonces, ¿te parece si esperamos a que te sientas más cómoda con el proceso interno para seguir adelante?
Contacto: Sí, creo que sería mejor.
Agente: Perfecto, entonces quedo a la espera de tu confirmación.
Contacto: Gracias.",María sigue mostrando interés moderado pero se ve limitada por la reorganización interna. Acepta considerar una demo pero sin compromiso inmediato.,Esperar confirmación cliente,Lost
f4920f44-81d,4a2e21fc,María Navarro,Director de Operaciones,Omega Consulting,Educación,Argentina,Buenos Aires,201,40164000,LinkedIn,2026-03-22,María mostró un interés inicial moderado en explorar alternativas para optimizar el transporte corporativo.,3,2026-04-11,20,10,María sigue mostrando interés moderado pero se ve limitada por la reorganización interna. Acepta considerar una demo pero sin compromiso inmediato.,Esperar confirmación cliente,"Agente: Hola María, soy Marta una vez más. ¿Cómo va todo?
Contacto: Hola Marta, bueno, seguimos con temas internos. No he tenido mucho tiempo.
Agente: Lo entiendo. Solo quería asegurarme de que no quedara ningún tema pendiente o pregunta sin responder.
Contacto: Aprecio tu seguimiento, pero creo que no estamos listos para hacer cambios en este momento.
Agente: Comprendo, María. Si en algún momento consideras revisar nuestras opciones, estaremos aquí para ayudarte.
Contacto: Gracias, Marta. Valoro tu atención.
Agente: Claro, cerraré el lead por ahora, pero me mantendré atenta a posibles cambios.
Contacto: Muy bien, gracias nuevamente.","María confirmó que, debido a temas internos, no están listos para cambiar de proveedor. Aprecia el seguimiento pero no está interesada de momento.",Cerrar lead - no interesado,Lost
6294cdf0-225,4cedbe96,Fernando Serrano,Director de RRHH,Iberia Networks,Química,España,Málaga,199,18876000,Partner comercial,2025-12-14,"La empresa mostró un interés inicial moderado debido a la sugerencia de un partner comercial, pero expresó preocupaciones sobre su actual presupuesto limitado.",1,2025-12-16,2,0,PRIMERA_LLAMADA,PRIMERA_LLAMADA,"Agente: Hola Fernando, soy Carlos Martínez de MoveUp. ¿Cómo estás?
Contacto: Hola, Carlos. Estoy bien, gracias. ¿Y tú?
Agente: Muy bien, gracias. Quería hablar contigo sobre cómo MoveUp puede optimizar el transporte corporativo de Iberia Networks.
Contacto: Estamos satisfechos con nuestro proveedor actual, aunque siempre estamos abiertos a escuchar.
Agente: Entiendo. Hemos ayudado a muchas empresas a reducir costes en movilidad. ¿Cuántos viajes al mes realiza tu equipo aproximadamente?
Contacto: Diría que unos 200 al mes.
Agente: Perfecto, podríamos ofrecerte una solución personalizada. ¿Cuál es tu principal preocupación ahora mismo?
Contacto: Ahora mismo, el presupuesto es lo más limitado. Hay una reorganización interna que nos tiene a todos ajustados.
Agente: Comprendo. Podríamos ofrecerte unas tarifas competitivas. Quizás agendemos una reunión con nuestro especialista, Tomás Iglesias.
Contacto: Podría ser, pero necesito revisar internamente antes.
Agente: Claro, lo entiendo. Estoy aquí para cualquier consulta.
Contacto: Gracias, Carlos.
Agente: Gracias a ti, Fernando. Hablamos pronto.","Carlos presentó las ventajas de MoveUp, pero Fernando mostró preocupación por el presupuesto y la situación interna.",Agendar demo/reunión con especialista,Lost
d75619c7-a2a,4cedbe96,Fernando Serrano,Director de RRHH,Iberia Networks,Química,España,Málaga,199,18876000,Partner comercial,2025-12-14,"La empresa mostró un interés inicial moderado debido a la sugerencia de un partner comercial, pero expresó preocupaciones sobre su actual presupuesto limitado.",2,2025-12-21,7,5,"Carlos presentó las ventajas de MoveUp, pero Fernando mostró preocupación por el presupuesto y la situación interna.",Agendar demo/reunión con especialista,"Agente: Hola Fernando, soy Carlos Martínez nuevamente. Quería saber si ya tuviste oportunidad de revisar la propuesta.
Contacto: Hola, Carlos. Sí, la revisé, pero ahora mismo no podemos comprometernos.
Agente: ¿Hubo algo en específico que no te haya convencido?
Contacto: Es principalmente el presupuesto. Estamos ajustando muchas cosas internamente, y cambiar de proveedor ahora no es viable.
Agente: Entiendo. ¿Crees que podríamos reevaluar esto en algunos meses cuando la situación mejore?
Contacto: Podría ser, pero sinceramente no te puedo prometer nada.
Agente: Está bien, lo comprendo. Si necesitas más información, no dudes en contactarme.
Contacto: Claro, gracias por entender.
Agente: Gracias a ti por tu tiempo, Fernando. Espero que todo mejore pronto.
Contacto: Gracias, Carlos.",Fernando reafirmó que el presupuesto actual y la reorganización interna impiden continuar con el interés en el servicio.,Cerrar lead - no interesado,Lost
c7cf1f9c-a3f,ded167ff,Sofía Díaz,Director General,Smart Consulting,Seguros,España,Barcelona,39,7642000,Email marketing,2025-10-14,Al principio mostraron interés en conocer nuestras tarifas y cómo funcionan nuestros servicios para empresas.,1,2025-10-20,6,0,PRIMERA_LLAMADA,PRIMERA_LLAMADA,"Agente: Hola Sofía, soy Laura Gómez de MoveUp. ¿Tienes unos minutos para hablar sobre cómo podemos ayudar a Smart Consulting con sus necesidades de movilidad?
Contacto: Hola Laura, sí, tengo unos pocos minutos. Recibí su correo, pero ya tenemos un proveedor de transporte corporativo que utilizamos regularmente.
Agente: Entiendo. Nuestro servicio se especializa en ofrecer tarifas competitivas y flexibilidad. ¿Cuántos viajes realizan en promedio al mes?
Contacto: Aproximadamente unos 50, pero ahora mismo estamos enfocados en reducir costos, la verdad. 
Agente: Claro, entiendo que el presupuesto es una preocupación común. Ofrecemos planes personalizados que podrían ajustarse mejor a sus necesidades actuales. 
Contacto: Lo aprecio, pero como te decía, estamos contentos con nuestro proveedor actual.
Agente: ¿Habría alguna oportunidad en el futuro cercano para revisar nuestras tarifas en comparación con lo que pagan ahora?
Contacto: Tal vez, pero ahora mismo, con la reorganización interna, no estamos considerando cambios. 
Agente: Entiendo, quizás entonces no sea el mejor momento. Si en algún momento surge la oportunidad, ¿podríamos agendar una demo para mostrarte las ventajas de nuestra plataforma?
Contacto: Lo pensaré, pero ahora mismo no estamos interesados en cambios, lo siento.
Agente: Gracias por tu tiempo, Sofía. Estoy aquí si cambian de opinión. ¡Que tengas un buen día!
Contacto: Igualmente, gracias por llamar.",La llamada evidenció falta de interés inmediato debido al proveedor actual y restricciones presupuestarias.,Cerrar lead - no interesado,Lost
734d1fd4-988,f30051be,Alberto Romero,Director Financiero,Tech Systems,Química,Colombia,Bogotá,9542,1853164000,Partner comercial,2026-02-11,Interés inicial bajo debido a un contrato existente y a preocupaciones presupuestarias.,1,2026-02-12,1,0,PRIMERA_LLAMADA,PRIMERA_LLAMADA,"Agente: Hola, Alberto. Soy Sofía Moreno de MoveUp. ¿Cómo estás?
Contacto: Hola, Sofía. Bien, gracias. ¿En qué puedo ayudarte?
Agente: Me gustaría hablar sobre cómo MoveUp puede optimizar la movilidad corporativa de Tech Systems. ¿Tienen algún proveedor actualmente?
Contacto: Sí, ya trabajamos con otro proveedor.
Agente: Entiendo. Nuestro servicio podría ofrecer ahorros significativos. ¿Cómo manejan actualmente el volumen de viajes?
Contacto: Tenemos un volumen constante, pero no estamos considerando cambiar de proveedor por ahora.
Agente: Comprendo. ¿Puedo preguntarte si hay alguna preocupación específica sobre el presupuesto?
Contacto: Sí, el presupuesto este año es un poco ajustado. Estamos priorizando otras áreas.
Agente: Claro, podríamos explorar opciones para ajustarnos a sus necesidades. ¿Sería posible agendar una reunión con Roberto Sánchez, nuestro especialista?
Contacto: Podríamos considerarlo, aunque ahora no es una prioridad.
Agente: Perfecto, te enviaré información adicional para que lo pienses. Gracias por tu tiempo.
Contacto: Gracias a ti.",El contacto mostró resistencia al cambio debido a un contrato existente y limitaciones presupuestarias.,Enviar documentación,Lost
3be5a247-5c5,f30051be,Alberto Romero,Director Financiero,Tech Systems,Química,Colombia,Bogotá,9542,1853164000,Partner comercial,2026-02-11,Interés inicial bajo debido a un contrato existente y a preocupaciones presupuestarias.,2,2026-02-17,6,5,El contacto mostró resistencia al cambio debido a un contrato existente y limitaciones presupuestarias.,Enviar documentación,"Agente: Hola, Alberto. Soy Sofía de nuevo. ¿Recibiste la documentación?
Contacto: Sí, la recibí. Sin embargo, no he podido revisarla completamente.
Agente: No hay problema. Quería confirmar si hay algo más que podamos hacer para adaptar nuestra oferta a sus necesidades.
Contacto: La documentación es clara, pero como mencioné, ahora mismo no estamos en posición de cambiar de proveedor.
Agente: Entiendo. ¿Hay alguna otra objeción específica en la que podamos trabajar?
Contacto: No realmente, es más una cuestión de timing. Estamos en medio de una reorganización interna.
Agente: Comprendo. Si las circunstancias cambian, estaríamos encantados de trabajar con ustedes. Gracias por tu honestidad, Alberto.
Contacto: Gracias a ti por entender.
Agente: Entonces, cerraré el contacto como no interesado por ahora. Estamos a tu disposición si surge una nueva oportunidad.
Contacto: Perfecto, muchas gracias.",El contacto sigue sin interés debido a la reorganización interna y falta de necesidad urgente de cambio.,Cerrar lead - no interesado,Lost
c7db3797-fc5,efd6535e,Carlos Díaz,Director de Compras,Global Group,Logística,España,Valladolid,42,10531000,Email marketing,2025-10-25,"Carlos mostró un interés inicial debido a una promoción atractiva en el email, pero expresó preocupación por el presupuesto.",1,2025-10-27,2,0,PRIMERA_LLAMADA,PRIMERA_LLAMADA,"Agente: Hola, Carlos. Soy Ana Ruiz de MoveUp. ¿Cómo estás hoy?
Contacto: Hola Ana, estoy bien, gracias. Hablemos sobre lo que tienes para ofrecer.
Agente: Genial. Como sabes, ofrecemos servicios de movilidad corporativa que pueden optimizar tus costos de transporte. ¿Cómo gestionan actualmente el transporte de sus empleados?
Contacto: Bueno, ya trabajamos con un proveedor local. No sé si necesitamos cambiar.
Agente: Entiendo, pero nuestro servicio podría reducir tus costos hasta un 20%. Además, ofrecemos un informe detallado de uso mensual.
Contacto: Suena bien, pero nuestro presupuesto está bastante ajustado este año.
Agente: Comprendo. Me gustaría agendar una demo con nuestra especialista, Elena Navarro, para que puedas ver cómo funciona todo. ¿Te parece bien?
Contacto: Bueno, podría ser útil, pero estoy bastante ocupado.
Agente: Claro, lo entiendo. Podemos encontrar un momento que te acomode. ¿Tal vez la próxima semana?
Contacto: Está bien, déjame revisarlo. Te confirmo luego.
Agente: Perfecto, quedamos en eso. Gracias, Carlos.
Contacto: Gracias a ti, Ana.",Carlos mostró interés pero expresó preocupaciones sobre el presupuesto. Se sugirió una demo.,Esperar confirmación cliente,Lost
be22d2a3-bfc,efd6535e,Carlos Díaz,Director de Compras,Global Group,Logística,España,Valladolid,42,10531000,Email marketing,2025-10-25,"Carlos mostró un interés inicial debido a una promoción atractiva en el email, pero expresó preocupación por el presupuesto.",2,2025-10-30,5,3,Carlos mostró interés pero expresó preocupaciones sobre el presupuesto. Se sugirió una demo.,Esperar confirmación cliente,"Agente: Hola, Carlos. Soy Ana de nuevo. ¿Pudiste revisar el tema para la demo?
Contacto: Hola, Ana. Sí, lo revisé, pero estamos pasando por una reorganización interna. No creo que sea el mejor momento.
Agente: Entiendo. ¿Cuál es tu principal preocupación ahora mismo?
Contacto: Es más bien el presupuesto y la situación interna. No podemos comprometernos con un nuevo proveedor ahora.
Agente: Comprendo, pero quizás podríamos ajustar algo para acomodarnos a tus necesidades actuales.
Contacto: Aprecio el esfuerzo, pero ahora mismo no podemos permitirnos ningún gasto adicional.
Agente: Bueno, si cambian las circunstancias, estaremos aquí para ayudarte. ¿Te parece bien que te contacte en unos meses?
Contacto: Sí, eso estaría bien. Gracias por entender.
Agente: Gracias a ti, Carlos. Que tengas buen día.
Contacto: Igualmente, Ana.",Carlos decidió no seguir adelante debido a restricciones presupuestarias y una reorganización interna.,Cerrar lead - no interesado,Lost
6416c831-9e6,294c73d7,Elena Romero,Jefe de Proyectos,Alpha Systems,Construcción,España,Málaga,8514,1129363000,LinkedIn,2025-12-28,Elena mostró un alto interés debido al crecimiento de la empresa y la necesidad de optimizar los costes de movilidad.,1,2026-01-01,4,0,PRIMERA_LLAMADA,PRIMERA_LLAMADA,"Agente: Hola, Elena. Soy Laura Gómez de MoveUp. ¿Cómo estás?
Contacto: Hola, Laura. Muy bien, gracias. Estaba esperando tu llamada.
Agente: Genial. Entiendo que Alpha Systems está experimentando un crecimiento y busca soluciones para manejar mejor los desplazamientos corporativos.
Contacto: Exactamente. Con el aumento de proyectos, nuestros costes de movilidad se han disparado.
Agente: MoveUp puede ayudarte a reducir esos costes y ofrecer una gestión centralizada para todos los viajes. ¿Cuántos empleados suelen viajar semanalmente?
Contacto: Al menos unos 200, especialmente entre sedes y sitios de construcción.
Agente: Eso es considerable. Con nuestro servicio, podrías optimizar esos desplazamientos. ¿Tienes un presupuesto en mente para esta solución?
Contacto: Estamos evaluando opciones, pero necesitamos algo que se ajuste a nuestro creciente volumen sin comprometer la calidad.
Agente: Perfecto, puedo preparar un plan ajustado a tus necesidades específicas. ¿Te gustaría agendar una reunión con uno de nuestros especialistas para una demo?
Contacto: Sí, me parece bien. Quisiera entender más a fondo cómo funciona todo.
Agente: Excelente, voy a coordinar una reunión con nuestra especialista, Elena Navarro. ¿Te parece bien para el próximo miércoles?
Contacto: Sí, miércoles está bien.
Agente: Perfecto, te enviaré la invitación a tu correo. Gracias, Elena.
Contacto: Gracias a ti, Laura.","Con Elena, se acordó una demo con la especialista para explorar más sobre MoveUp.",Agendar demo/reunión con especialista,Converted
eedd7f55-42e,294c73d7,Elena Romero,Jefe de Proyectos,Alpha Systems,Construcción,España,Málaga,8514,1129363000,LinkedIn,2025-12-28,Elena mostró un alto interés debido al crecimiento de la empresa y la necesidad de optimizar los costes de movilidad.,2,2026-01-06,9,5,"Con Elena, se acordó una demo con la especialista para explorar más sobre MoveUp.",Agendar demo/reunión con especialista,"Agente: Hola, Elena. Espero que estés bien. Nos encontramos en la reunión con nuestra especialista, Elena Navarro.
Contacto: Hola, gracias. Estoy ansiosa por ver cómo puede ayudar MoveUp a nuestra empresa.
Especialista: Buenas tardes, Elena. Un placer conocerte. Vamos a hacer un recorrido por nuestras soluciones y cómo pueden adaptarse a Alpha Systems.
Contacto: Perfecto. Nos interesa mucho la parte de control de costes y centralización de los viajes.
Especialista: Claro, con MoveUp puedes tener reportes detallados y optimizar rutas para minimizar gastos.
Contacto: Eso sería ideal. La gestión actual nos está llevando mucho tiempo y recursos.
Especialista: Entiendo. Además, ofrecemos soporte 24/7 para cualquier problema o ajuste que necesites.
Contacto: Excelente. ¿Cuánto tardaría la implementación una vez que decidamos proceder?
Especialista: Por lo general, en menos de una semana estarían operando al 100%.
Contacto: Eso suena muy bien. Creo que estamos listos para avanzar.
Agente: Excelente, Elena. Procederemos con la documentación para su firma.
Contacto: Perfecto, enviaré la confirmación hoy mismo.
Agente: Gracias, Elena. Estamos encantados de trabajar con Alpha Systems.
Contacto: Gracias a ustedes por la solución.",Alpha Systems decidió proceder con MoveUp y se acordó firmar la documentación para comenzar la implementación.,Esperar confirmación cliente,Converted
b421ee56-4c7,22d45be3,Ana Rodríguez,Director General,Pro Consulting,Retail,España,Madrid,4438,911446000,Google Ads,2025-11-15,Pro Consulting mostró un interés inicial debido a su crecimiento y la necesidad urgente de reducir costes de movilidad.,1,2025-11-20,5,0,PRIMERA_LLAMADA,PRIMERA_LLAMADA,"Agente: Hola Ana, soy Javier Torres de MoveUp. Muchas gracias por tomarte el tiempo para hablar conmigo hoy.
Contacto: Hola Javier, encantada. Hemos estado buscando soluciones para mejorar nuestra gestión de movilidad, estamos creciendo bastante rápido.
Agente: Eso es genial de escuchar. ¿Podrías contarme un poco más sobre el volumen de desplazamientos que manejan actualmente?
Contacto: Claro, hemos tenido un aumento en los viajes corporativos. Actualmente, manejamos aproximadamente 200 desplazamientos diarios entre nuestros empleados en Madrid.
Agente: Entiendo. ¿Cuál es el principal reto que enfrentas actualmente con estos desplazamientos?
Contacto: El costo. La gestión actual de taxis y reembolsos está siendo muy ineficaz y no tenemos el control necesario sobre los gastos.
Agente: MoveUp ofrece un sistema centralizado que no solo controla los costos, sino que también mejora la experiencia del usuario. ¿Qué te parecería ver una demo de cómo funciona nuestro servicio?
Contacto: Eso suena interesante. Me gustaría saber más sobre las tarifas y cómo se adapta a nuestras necesidades.
Agente: Perfecto, nuestra especialista Elena Navarro puede explicártelo con más detalle y mostrarte cómo funcionamos. ¿Cuándo te vendría bien una reunión?
Contacto: ¿Podría ser esta misma semana? Estamos bastante interesados y tenemos cierta urgencia en encontrar una solución.
Agente: Claro, puedo coordinar para que Elena esté disponible el viernes. ¿Te viene bien a las 10 de la mañana?
Contacto: Sí, esa hora está bien.
Agente: Excelente, te enviaré una invitación con los detalles del enlace. Gracias por tu tiempo, Ana.
Contacto: Gracias a ti, Javier. Espero la invitación.",Ana Rodríguez mostró interés activo y urgencia en la solución. Se agendó una demo con Elena Navarro para el viernes.,Agendar demo/reunión con especialista,Converted
27bc4dcd-be7,95a14b58,Isabel Romero,Director de Operaciones,Prime Dynamics,Seguros,España,Zaragoza,194,32892000,Referencia de cliente,2026-03-29,La empresa Prime Dynamics mostró un fuerte interés en optimizar sus costes de movilidad debido al alto volumen de desplazamientos que realizan mensualmente.,1,2026-04-02,4,0,PRIMERA_LLAMADA,PRIMERA_LLAMADA,"Agente: Hola Isabel, soy Pablo Fernández de MoveUp. ¿Cómo estás?
Contacto: Hola Pablo, muy bien, gracias. Estoy interesada en cómo pueden ayudarnos con nuestros desplazamientos.
Agente: Perfecto. Sé que Prime Dynamics tiene un alto volumen de viajes. ¿Nos puedes contar un poco más sobre sus necesidades?
Contacto: Claro, estamos creciendo y eso ha aumentado nuestros costes de movilidad. Necesitamos una solución eficiente.
Agente: Entiendo. Nuestra plataforma podría reducir esos costes de manera significativa, además de proporcionar seguimiento en tiempo real. ¿Qué presupuesto manejan para este tipo de soluciones?
Contacto: Actualmente, estamos revisando el presupuesto, pero nos interesa algo competitivo.
Agente: Perfecto, enviaré más información detallada sobre nuestras tarifas y beneficios. ¿Te parece bien?
Contacto: Sí, por favor. Así podemos revisarlo con más calma.
Agente: De acuerdo, Isabel. Te enviaré la documentación hoy mismo.
Contacto: Excelente, estaré esperando.
Agente: Gracias por tu tiempo, Isabel. Hablamos pronto.
Contacto: Gracias a ti, Pablo.",Isabel mostró un interés claro en optimizar costes de movilidad y solicitó más información.,Enviar documentación,Converted
90c89c2c-37b,95a14b58,Isabel Romero,Director de Operaciones,Prime Dynamics,Seguros,España,Zaragoza,194,32892000,Referencia de cliente,2026-03-29,La empresa Prime Dynamics mostró un fuerte interés en optimizar sus costes de movilidad debido al alto volumen de desplazamientos que realizan mensualmente.,2,2026-04-05,7,3,Isabel mostró un interés claro en optimizar costes de movilidad y solicitó más información.,Enviar documentación,"Agente: Hola Isabel, soy Pablo de nuevo. ¿Tuviste oportunidad de revisar la documentación?
Contacto: Sí, la revisamos y nos pareció bastante interesante.
Agente: Eso es genial. ¿Tienen alguna pregunta o preocupación que pueda resolver?
Contacto: Nos gustaría saber cómo sería el proceso de integración y si hay soporte para cualquier problema.
Agente: Claro, nuestro equipo de soporte está disponible 24/7 y la integración es rápida. Además, Roberto Sánchez, nuestro especialista, puede guiaros en todo el proceso.
Contacto: Eso suena perfecto. Creo que estamos listos para seguir adelante.
Agente: Excelente, Isabel. Entonces, ¿confirmamos la implementación para la próxima semana?
Contacto: Sí, por favor, cuanto antes mejor.
Agente: Perfecto. Te enviaré un correo de confirmación y los siguientes pasos.
Contacto: Muy bien, muchas gracias, Pablo.
Agente: A ti, Isabel. Estamos emocionados de colaborar con Prime Dynamics.
Contacto: Igualmente, hasta luego.
Agente: Hasta luego, Isabel.",Isabel confirmó su interés y avanzaron con la implementación de MoveUp.,Esperar confirmación cliente,Converted
3acbce6e-2f0,b48d6b77,Marta Vega,Director de RRHH,Prime Group,Educación,España,Granada,38,5678000,Llamada en frío,2026-02-25,El contacto mostró un interés inicial debido a la búsqueda de opciones más económicas para transporte corporativo.,1,2026-03-04,7,0,PRIMERA_LLAMADA,PRIMERA_LLAMADA,"Agente: Hola Marta, soy Javier Torres de MoveUp. ¿Cómo estás hoy?
Contacto: Hola Javier, bien, gracias. ¿En qué puedo ayudarte?
Agente: Quería hablarte sobre cómo MoveUp podría ser una solución eficiente para los desplazamientos corporativos de Prime Group.
Contacto: Entiendo, pero la verdad es que ya trabajamos con otro proveedor y estamos satisfechos.
Agente: Por supuesto, eso es comprensible. ¿Hay algún aspecto que sientas que podría mejorar con tu proveedor actual, como el servicio al cliente o la flexibilidad de precios?
Contacto: Principalmente el tema del presupuesto. La situación económica nos ha hecho ser más estrictos con los gastos.
Agente: MoveUp ofrece tarifas competitivas y personalizables. Podemos adaptarnos a las necesidades de empresas de vuestro tamaño.
Contacto: Agradezco la información, pero en estos momentos no estamos buscando cambiar de proveedor.
Agente: Entiendo. Si en el futuro decides explorar otras opciones, ¿te gustaría que te enviara más información para que la tengas a mano?
Contacto: Prefiero que, si acaso, me contactes más adelante. Ahora mismo no estamos interesados.
Agente: Perfecto, Marta. Gracias por tu tiempo. Estaré disponible si necesitas algo más.
Contacto: Gracias, Javier. Hasta luego.",El contacto mostró escepticismo y declinó explorar más opciones debido a un presupuesto limitado y satisfacción con el proveedor actual.,Cerrar lead - no interesado,Lost
7b30ac0e-76f,4e084e5e,María Díaz,Director Financiero,Corp Partners,Farmacéutica,España,Málaga,374,73493000,Referencia de cliente,2025-11-16,"Corp Partners mostró un interés inicial debido a una referencia de cliente satisfecho, pero mencionaron restricciones presupuestarias.",1,2025-11-23,7,0,PRIMERA_LLAMADA,PRIMERA_LLAMADA,"Agente: Hola María, soy Carlos Martínez de MoveUp. ¿Cómo estás hoy?
Contacto: Hola Carlos, bien, gracias. ¿Y tú?
Agente: Muy bien, gracias. Quería hablarte sobre cómo MoveUp puede optimizar la movilidad de tu empresa. Me comentaron que ya tenéis un proveedor, pero creemos que podemos ofrecer una solución más competitiva.
Contacto: Sí, efectivamente ya estamos trabajando con otro proveedor y, sinceramente, estamos satisfechos con su servicio.
Agente: Entiendo, ¿podrías decirme cuántos viajes suelen gestionar al mes? Quizás podamos ajustar una propuesta que se alinee mejor con vuestro presupuesto.
Contacto: Aproximadamente unos 300 viajes mensuales, pero ahora mismo estamos revisando todos nuestros contratos debido a una reorganización interna.
Agente: Lo comprendo. Podría ser útil revisar esto con nuestro especialista. ¿Te parece si agendamos una reunión con Tomás Iglesias para ver el valor añadido que podríamos ofrecer?
Contacto: Podría ser, pero ahora mismo no puedo comprometerme a una reunión hasta que tengamos más claro nuestro presupuesto.
Agente: Claro, lo entiendo. Te enviaré alguna documentación para que la revises cuando tengas tiempo. ¿Te parece bien?
Contacto: Sí, por favor envíamela.","La llamada se centró en evaluar el interés de Corp Partners, pero encontraron objeciones debido a su proveedor actual y reorganización interna.",Enviar documentación,Lost
635ee2ce-3bf,4e084e5e,María Díaz,Director Financiero,Corp Partners,Farmacéutica,España,Málaga,374,73493000,Referencia de cliente,2025-11-16,"Corp Partners mostró un interés inicial debido a una referencia de cliente satisfecho, pero mencionaron restricciones presupuestarias.",2,2025-11-30,14,7,"La llamada se centró en evaluar el interés de Corp Partners, pero encontraron objeciones debido a su proveedor actual y reorganización interna.",Enviar documentación,"Agente: Hola María, soy Carlos de nuevo. Espero que hayas podido revisar la documentación que te envié la semana pasada.
Contacto: Hola Carlos, sí, la he revisado. Sin embargo, en este momento no estamos interesados en cambiar de proveedor.
Agente: Entiendo, ¿hay algún aspecto que consideras que podríamos mejorar para que MoveUp sea una opción viable para Corp Partners en el futuro?
Contacto: Principalmente, el tema del presupuesto. Estamos en un año complicado y realmente necesitamos mantenernos dentro de los números actuales.
Agente: Comprendo la situación. Si en el futuro el contexto cambia, no dudes en contactarme. Estaremos encantados de reevaluar la propuesta con condiciones más favorables.
Contacto: Lo agradezco, Carlos. De momento preferimos no hacer cambios.
Agente: Perfecto, María. Gracias por tu tiempo y consideración. Si necesitas algo más, aquí estoy.
Contacto: Gracias, Carlos.",María confirmó que no están interesados debido a restricciones presupuestarias y satisfacción con su proveedor actual.,Cerrar lead - no interesado,Lost
9edab693-5de,bf3df7cc,Elena Iglesias,CFO,Tech Services,Logística,España,Las Palmas,137,21288000,Referencia de cliente,2025-12-07,"Elena Iglesias mostró un interés moderado, queriendo explorar opciones para mejorar la movilidad corporativa, aunque no tienen urgencia inmediata.",1,2025-12-10,3,0,PRIMERA_LLAMADA,PRIMERA_LLAMADA,"Agente: Buenos días, Elena. Soy Pablo Fernández de MoveUp. ¿Cómo estás hoy?
Contacto: Hola, Pablo. Estoy bien, gracias. ¿Tú?
Agente: Muy bien, gracias. Quería hablar contigo sobre nuestras soluciones de movilidad corporativa. ¿Tienen algún volumen de viajes al mes que quisieran cubrir con un servicio como el nuestro?
Contacto: Actualmente, gestionamos unos 50 viajes mensuales, principalmente para ejecutivos y visitas a nuestros centros logísticos.
Agente: Perfecto, eso es algo que podemos manejar sin problema. Nuestro servicio incluye opciones flexibles para ajustarse a diferentes presupuestos.
Contacto: Eso suena interesante. Aunque en estos momentos estamos evaluando varias opciones y no tenemos un presupuesto aprobado.
Agente: Lo entiendo. Para que tengas más información, te puedo enviar documentación detallada sobre nuestras tarifas y cómo podemos ayudar a optimizar sus gastos de transporte.
Contacto: Sí, por favor. Me gustaría ver esas opciones antes de tomar cualquier decisión.
Agente: Claro, te lo enviaré por correo hoy mismo. ¿Hay algo más en lo que te pueda ayudar ahora?
Contacto: No, eso sería todo por ahora. Gracias, Pablo.
Agente: De acuerdo, gracias a ti, Elena. Seguimos en contacto.",La llamada se centró en entender las necesidades de movilidad de Tech Services y enviar documentación para evaluación.,Enviar documentación,Nurturing
273839d9-e64,bf3df7cc,Elena Iglesias,CFO,Tech Services,Logística,España,Las Palmas,137,21288000,Referencia de cliente,2025-12-07,"Elena Iglesias mostró un interés moderado, queriendo explorar opciones para mejorar la movilidad corporativa, aunque no tienen urgencia inmediata.",2,2025-12-15,8,5,La llamada se centró en entender las necesidades de movilidad de Tech Services y enviar documentación para evaluación.,Enviar documentación,"Agente: Hola, Elena. Soy Pablo nuevamente, de MoveUp. Espero que hayas recibido la documentación que te envié.
Contacto: Hola, Pablo. Sí, la recibí, gracias. La hemos estado revisando.
Agente: Excelente. ¿Tienen alguna pregunta o hay algo que necesites que aclaremos?
Contacto: La información está bastante clara. Sin embargo, necesitamos un poco más de tiempo para decidir, ya que estamos esperando una aprobación presupuestaria.
Agente: Entiendo perfectamente. Mientras tanto, podríamos programar una demostración con nuestro especialista, Roberto Sánchez, para mostrarte en mayor detalle cómo funciona nuestro servicio.
Contacto: Me parece bien, pero preferiría esperar a tener más claridad sobre nuestro presupuesto antes de avanzar.
Agente: Está bien, Elena. Nos mantenemos en contacto y a tu disposición. ¿Te parece bien si te vuelvo a contactar en un par de semanas?
Contacto: Sí, eso estaría perfecto. Gracias por tu paciencia.
Agente: Gracias a ti, Elena. Espero que podamos trabajar juntos pronto.","Elena confirmó que la documentación fue recibida, pero necesitan más tiempo para la aprobación presupuestaria antes de proceder.",Cerrar lead - nurturing,Nurturing
7c4e6695-836,a0e18acb,Carlos Moreno,Jefe de Proyectos,Tech Innovations,Tecnología,España,Barcelona,688,58185000,Partner comercial,2026-03-14,Carlos mostró mucho interés debido al crecimiento de la empresa y la necesidad urgente de reducir los costes de movilidad.,1,2026-03-18,4,0,PRIMERA_LLAMADA,PRIMERA_LLAMADA,"Agente: Hola Carlos, soy Ana Ruiz de MoveUp. Quería hablar contigo sobre cómo podríamos ayudar a Tech Innovations con vuestro volumen de desplazamientos.
Contacto: Hola Ana, gracias por llamar. Justo ahora estamos buscando opciones para gestionar mejor nuestros viajes, el volumen ha crecido mucho.
Agente: Entiendo. Me imagino que eso también ha incrementado los costes, ¿cierto?
Contacto: Exactamente, queremos encontrar una solución que nos permita optimizar esto sin sacrificar calidad en el servicio.
Agente: Seguro que podemos ayudar. ¿Podrías darme una idea del presupuesto que manejáis para movilidad?
Contacto: Claro, estamos buscando algo que se ajuste, pero que también nos dé más control sobre los gastos.
Agente: Perfecto. Me gustaría agendar una reunión con Roberto Sánchez, nuestro especialista, para que puedas ver cómo operamos y cómo podría ajustarse a vuestras necesidades. ¿Te parece bien?
Contacto: Me parece excelente, ¿cuándo podría ser?
Agente: ¿Qué tal la próxima semana? Así tendré toda la información lista para ti.
Contacto: Genial, coordinemos.
Agente: Perfecto, te confirmaré el día y hora exactos por correo.
Contacto: Gracias, Ana.
Agente: A ti, Carlos.",Carlos mostró interés en coordinar una reunión con el especialista para profundizar en la oferta de MoveUp.,Agendar demo/reunión con especialista,Converted
f6950b9a-c70,a0e18acb,Carlos Moreno,Jefe de Proyectos,Tech Innovations,Tecnología,España,Barcelona,688,58185000,Partner comercial,2026-03-14,Carlos mostró mucho interés debido al crecimiento de la empresa y la necesidad urgente de reducir los costes de movilidad.,2,2026-03-23,9,5,Carlos mostró interés en coordinar una reunión con el especialista para profundizar en la oferta de MoveUp.,Agendar demo/reunión con especialista,"Agente: Hola Carlos, soy Ana de nuevo. Solo quería confirmar nuestra reunión de hoy con Roberto a las 3 p.m.
Contacto: Hola, Ana. Sí, estamos listos para la reunión.
Agente: Excelente. Carlos, ¿alguna otra preocupación o pregunta antes de iniciar?
Contacto: No, solo queremos asegurarnos de que el servicio pueda adaptarse rápidamente a nuestras necesidades.
Agente: Perfecto, eso es algo que Roberto puede explicar mejor. Él te mostrará cómo personalizamos nuestro servicio para cada cliente.
Contacto: Muy bien, suena bien.
Agente: Después de la reunión, si todo es satisfactorio, podemos proceder con la firma del acuerdo.
Contacto: Claro, eso esperamos. Si todo está claro, estaríamos interesados en proceder.
Agente: Fantástico, entonces nos vemos a las 3 p.m.
Contacto: Perfecto, gracias Ana.
Agente: Gracias a ti, Carlos.","Se confirmó la reunión con el especialista y se estableció que, si todo era satisfactorio, procederían con la firma del acuerdo.",Esperar confirmación cliente,Converted
6e6ab0de-d6a,017a4e69,Marta Pérez,Director Comercial,Smart Group,Alimentación,España,Valencia,3955,1156058000,Partner comercial,2026-01-20,"Smart Group mostró gran interés debido a su crecimiento y al alto volumen de desplazamientos, buscando una solución urgente para reducir costes de movilidad.",1,2026-01-25,5,0,PRIMERA_LLAMADA,PRIMERA_LLAMADA,"Agente: Hola Marta, soy Diego López de MoveUp. ¿Cómo estás?
Contacto: Hola Diego, muy bien, gracias. Estoy interesada en saber más sobre vuestro servicio.
Agente: Genial. Entiendo que estáis experimentando un crecimiento significativo en Smart Group. ¿Cómo están gestionando actualmente los desplazamientos de vuestro personal?
Contacto: Actualmente, utilizamos un mix de taxis y vehículos propios, pero los costes están disparados. Buscamos optimizar esto urgentemente.
Agente: Entiendo. Nuestro servicio podría ayudaros a gestionar mejor esos desplazamientos y reducir costes. ¿Cuántos viajes aproximadamente gestionáis al mes?
Contacto: Aproximadamente unos 3,000 viajes al mes, pero esperamos que aumenten conforme crezcamos.
Agente: ¡Guau! Es un volumen considerable. Creemos que podríamos ofreceros una solución a medida para vuestras necesidades. ¿Tienes alguna objeción o aspecto que te preocupe en particular?
Contacto: No mucho, quizás solo quisiera asegurarme de que la transición sea suave y no interrumpa nuestras operaciones.
Agente: Claro, de eso nos encargamos nosotros. Me gustaría agendar una reunión con nuestra especialista, Cristina Vera, para que te explique cómo podríamos implementarlo. ¿Te parece bien?
Contacto: Perfecto, Diego. Me parece una excelente idea.
Agente: Perfecto, me encargaré de agendar la reunión y enviarte la información. Muchas gracias por tu tiempo, Marta.
Contacto: Gracias a ti, Diego. Espero la documentación entonces.","Marta mostró interés en la solución de MoveUp, acordando una reunión con la especialista para avanzar en la implementación.",Agendar demo/reunión con especialista,Converted
01b9479e-5aa,17aa1611,María Díaz,Director Comercial,Pro Dynamics,Consultoría IT,España,Murcia,826,235134000,Llamada en frío,2025-11-07,"Inicialmente, María mostró un interés moderado en explorar opciones adicionales para la movilidad corporativa, pero manifestó preocupación por los costes.",1,2025-11-14,7,0,PRIMERA_LLAMADA,PRIMERA_LLAMADA,"Agente: Hola, María. Soy Laura Gómez de MoveUp, ¿cómo estás hoy?
Contacto: Hola, Laura. Bien, gracias. ¿En qué puedo ayudarte?
Agente: Quería hablar sobre cómo MoveUp puede mejorar la movilidad corporativa de Pro Dynamics. ¿Ustedes utilizan algún servicio actualmente?
Contacto: Sí, ya contamos con un proveedor, aunque siempre estamos abiertos a escuchar propuestas nuevas.
Agente: Perfecto, ¿puedo preguntar cuántos viajes corporativos realizan mensualmente?
Contacto: Alrededor de 300 viajes.
Agente: Muy bien, creo que podríamos ofrecerte una solución más económica. ¿Tienes alguna preocupación principal?
Contacto: Sí, el presupuesto es una gran preocupación para nosotros ahora mismo.
Agente: Entiendo. Podríamos ajustar nuestro servicio a tus necesidades específicas para maximizar el ahorro.
Contacto: Bueno, podríamos considerarlo, pero tendría que verlo con mi equipo.
Agente: Por supuesto, puedo enviar información detallada por correo. ¿Te parece bien?
Contacto: Sí, envíamelo y lo revisaré.
Agente: Perfecto, lo haré de inmediato. Gracias, María.
Contacto: A ti, Laura.",María mostró interés en recibir más información pero enfatizó preocupaciones sobre el presupuesto.,Enviar documentación,Lost
a45a8f88-2af,17aa1611,María Díaz,Director Comercial,Pro Dynamics,Consultoría IT,España,Murcia,826,235134000,Llamada en frío,2025-11-07,"Inicialmente, María mostró un interés moderado en explorar opciones adicionales para la movilidad corporativa, pero manifestó preocupación por los costes.",2,2025-11-19,12,5,María mostró interés en recibir más información pero enfatizó preocupaciones sobre el presupuesto.,Enviar documentación,"Agente: Hola, María. Laura de nuevo, ¿tuviste oportunidad de revisar la información que envié?
Contacto: Hola, Laura. Sí, pero ahora mismo estamos pasando por una reorganización interna y es un momento complicado para cambiar de proveedor.
Agente: Lo entiendo, esos procesos pueden ser complejos. ¿Hay algún cambio que te interesaría ver en nuestra propuesta?
Contacto: En realidad, el precio sigue siendo un problema, y no queremos complicarnos ahora.
Agente: Claro, con la reorganización entiendo que el timing es difícil. ¿Te gustaría agendar una reunión con Roberto, nuestro especialista, para que pueda ofrecerte opciones más acotadas?
Contacto: Podríamos, pero no estoy segura de que ahora sea el momento adecuado.
Agente: Comprendo. ¿Te parece si esperamos un poco y recontacto en unas semanas?
Contacto: Sí, mejor así.
Agente: Perfecto, lo haré. Muchas gracias, María.
Contacto: Gracias a ti.","María expresó que debido a una reorganización interna, no es el mejor momento para buscar cambios, aunque no descarta hablar en el futuro.",Recontactar en X días,Lost
d01f67fc-e32,17aa1611,María Díaz,Director Comercial,Pro Dynamics,Consultoría IT,España,Murcia,826,235134000,Llamada en frío,2025-11-07,"Inicialmente, María mostró un interés moderado en explorar opciones adicionales para la movilidad corporativa, pero manifestó preocupación por los costes.",3,2025-12-04,27,15,"María expresó que debido a una reorganización interna, no es el mejor momento para buscar cambios, aunque no descarta hablar en el futuro.",Recontactar en X días,"Agente: Hola, María. Soy Laura de MoveUp. Quería saber si las cosas han mejorado en cuanto a la reorganización.
Contacto: Hola, Laura. La verdad es que seguimos en el mismo punto y, además, estamos ajustando el presupuesto para el próximo año.
Agente: Entiendo. ¿Crees que podríamos ser una opción en el futuro o deberíamos cerrar esta propuesta por ahora?
Contacto: Creo que, por nuestras prioridades actuales, podríamos cerrar esta opción. No estamos en condiciones de hacer cambios este año.
Agente: Comprendo perfectamente, María. Si en el futuro necesitas revisar esto de nuevo, estamos aquí para ayudarte.
Contacto: Gracias, Laura. Te tendré en cuenta.
Agente: Cuida mucho, María. Hasta luego.
Contacto: Hasta luego.",María decidió no continuar con la propuesta debido a restricciones presupuestarias y la falta de urgencia para cambiar de proveedor.,Cerrar lead - no interesado,Lost
77c9aad4-988,85a8e231,Carlos Jiménez,Director Comercial,Euro Logistics,Seguros,España,Alicante,32,5256000,Formulario web,2026-02-08,"Carlos mostró interés inicial en conocer las opciones de movilidad corporativa para evaluar posibles ahorros, pero mencionó limitaciones presupuestarias.",1,2026-02-11,3,0,PRIMERA_LLAMADA,PRIMERA_LLAMADA,"Agente: Hola, Carlos. Soy Marta Díaz de MoveUp. ¿Cómo estás?
Contacto: Hola, Marta. Bien, gracias. ¿En qué puedo ayudarte?
Agente: Quería hablar sobre cómo MoveUp podría optimizar la movilidad de tu empresa. ¿Cuántos viajes realizan mensualmente?
Contacto: Aproximadamente unos 150 viajes.
Agente: Con nuestros servicios, podrías ahorrar hasta un 20% en cada viaje. ¿Qué te parece?
Contacto: Suena bien, pero actualmente trabajamos con otro proveedor y estamos satisfechos.
Agente: Entiendo. Quizás podríamos hacer una comparativa de costos para evaluar si realmente te conviene cambiar.
Contacto: Podría ser, pero ahora mismo el presupuesto es ajustado y no estamos considerando cambios.
Agente: Lo comprendo. ¿Te gustaría recibir más información por correo?
Contacto: Sí, puedes enviarme información y lo reviso.
Agente: Perfecto, te envío la documentación hoy mismo.
Contacto: Gracias, Marta.
Agente: Gracias a ti, Carlos. Hablamos pronto.","Carlos mostró interés en recibir información, pero no está considerando cambios de proveedor por ahora.",Enviar documentación,Lost
b3979797-bfd,85a8e231,Carlos Jiménez,Director Comercial,Euro Logistics,Seguros,España,Alicante,32,5256000,Formulario web,2026-02-08,"Carlos mostró interés inicial en conocer las opciones de movilidad corporativa para evaluar posibles ahorros, pero mencionó limitaciones presupuestarias.",2,2026-02-16,8,5,"Carlos mostró interés en recibir información, pero no está considerando cambios de proveedor por ahora.",Enviar documentación,"Agente: Hola, Carlos. Soy Marta nuevamente. ¿Pudiste revisar la información que te envié?
Contacto: Hola, Marta. Sí, la revisé, pero tengo algunas dudas.
Agente: Claro, dime cuáles son tus inquietudes.
Contacto: No estoy seguro de que el cambio justifique el esfuerzo, además de que estamos en medio de una reorganización interna.
Agente: Entiendo la preocupación. ¿Quizás una demostración podría aclarar cómo podríamos integrarnos sin problemas?
Contacto: Podría ayudar, pero el presupuesto sigue siendo una barrera.
Agente: Podemos personalizar una solución que se ajuste a tus necesidades y presupuesto. ¿Qué tal si agendamos una reunión con nuestra especialista Cristina Vera?
Contacto: Ok, podemos agendarla para la próxima semana.
Agente: Excelente, te envío una invitación para coordinar la mejor hora.
Contacto: De acuerdo, gracias.
Agente: Gracias a ti, Carlos. Hablamos pronto.","Carlos mostró interés en una demo, pero sigue preocupado por el presupuesto y la reorganización interna.",Agendar demo/reunión con especialista,Lost
44dad625-e64,85a8e231,Carlos Jiménez,Director Comercial,Euro Logistics,Seguros,España,Alicante,32,5256000,Formulario web,2026-02-08,"Carlos mostró interés inicial en conocer las opciones de movilidad corporativa para evaluar posibles ahorros, pero mencionó limitaciones presupuestarias.",3,2026-02-23,15,7,"Carlos mostró interés en una demo, pero sigue preocupado por el presupuesto y la reorganización interna.",Agendar demo/reunión con especialista,"Agente: Hola, Carlos. Marta aquí. ¿Listo para la reunión con Cristina?
Contacto: Hola, Marta. He estado pensando y, siendo sincero, no creo que sea el mejor momento para este cambio.
Agente: Entiendo, Carlos. ¿Hay algo específico que te preocupe?
Contacto: Sí, principalmente, el presupuesto y la estabilidad actual con nuestro proveedor.
Agente: Comprendo. ¿Te gustaría que revisáramos esto más adelante, cuando la situación mejore?
Contacto: Podría ser, pero por ahora no estamos interesados en avanzar.
Agente: Gracias por tu sinceridad, Carlos. Siempre estamos aquí si cambias de opinión.
Contacto: Gracias, Marta. Lo tendré en cuenta.
Agente: Que tengas un buen día, Carlos.
Contacto: Igualmente, Marta.",Carlos decide no continuar debido a las restricciones presupuestarias y su satisfacción actual con el proveedor.,Cerrar lead - no interesado,Lost
ccc3d18f-e82,6cb65a63,Alberto Martínez,Responsable de Flota,Flex Consulting,Logística,España,Málaga,6686,728307000,LinkedIn,2026-02-08,Alberto mostró interés en optimizar la gestión de la flota y reducir costos mediante un servicio de movilidad corporativa eficiente.,1,2026-02-13,5,0,PRIMERA_LLAMADA,PRIMERA_LLAMADA,"Agente: Hola Alberto, soy Sofía Moreno de MoveUp. ¿Cómo estás hoy?
Contacto: Hola Sofía, estoy bien, gracias. ¿Y tú?
Agente: Muy bien, gracias. Quería saber si tuviste la oportunidad de revisar nuestra propuesta inicial de servicios de movilidad corporativa.
Contacto: Sí, le eché un vistazo, pero tengo algunas dudas sobre cómo se integraría con nuestro volumen actual de viajes.
Agente: Claro, entiendo. Nuestra plataforma es bastante flexible y podemos adaptarnos a las necesidades específicas de Flex Consulting. ¿Cuál es el volumen mensual de viajes que manejan actualmente?
Contacto: Alrededor de 500 viajes mensuales. Estamos buscando optimizar costos y mejorar la eficiencia.
Agente: Perfecto, ese nivel de volumen es manejable para nosotros. ¿Hay algún factor específico que consideras crítico en la decisión? 
Contacto: Sí, el coste y la facilidad de uso son cruciales. También necesitaría saber más sobre el servicio al cliente en caso de incidentes.
Agente: Comprendo. Nuestro servicio al cliente está disponible 24/7 y tenemos un equipo dedicado para atender cualquier incidencia de manera rápida. 
Contacto: Eso suena bien. Me gustaría discutir esto con mi equipo más a fondo. ¿Podríamos organizar una demo o una reunión con un especialista?
Agente: Por supuesto. Puedo coordinar una reunión con nuestra especialista, Elena Navarro, para que puedas ver el servicio en acción y resolver cualquier otra duda.
Contacto: Excelente, eso me ayudaría mucho.
Agente: Perfecto, entonces coordinaré todo para que Elena pueda mostrarles más detalles. ¿Te viene bien la próxima semana?
Contacto: Sí, la próxima semana estaría bien.
Agente: Genial, te enviaré una confirmación con la fecha y hora exactas.
Contacto: Perfecto, gracias Sofía.
Agente: A ti, Alberto, por tu tiempo. Hablamos pronto.",Alberto mostró interés en una reunión para ver detalles del servicio y resolver dudas específicas antes de tomar una decisión.,Agendar demo/reunión con especialista,In Progress
196e0990-676,9feb00db,Cristina Navarro,Director de RRHH,Global Systems,Química,España,Málaga,22,2838000,Email marketing,2026-01-19,Cristina mostró un interés inicial moderado debido a la eficiencia que MoveUp podría aportar a sus viajes corporativos.,1,2026-01-25,6,0,PRIMERA_LLAMADA,PRIMERA_LLAMADA,"Agente: Hola Cristina, soy Laura Gómez de MoveUp. ¿Cómo estás?
Contacto: Hola, Laura. Todo bien, gracias. ¿Y tú?
Agente: Muy bien, gracias por preguntar. Quería hablar sobre cómo podríamos optimizar los viajes corporativos en Global Systems. ¿Cómo gestionan actualmente este aspecto?
Contacto: Actualmente usamos una empresa local que nos ha funcionado bien hasta ahora.
Agente: Entiendo, ¿pero sabías que con nuestro servicio podrías reducir costes operativos especialmente en picos de actividad?
Contacto: Sí, pero sinceramente, nuestro presupuesto está bastante ajustado este año.
Agente: Puede que podamos encontrar una solución acorde a su presupuesto. ¿Te gustaría que revisáramos algunas propuestas?
Contacto: Podría estar interesada, pero ahora mismo estamos en medio de una reorganización interna.
Agente: Claro, eso es comprensible. ¿Te parece si te envío más información para que puedas revisarla con calma?
Contacto: Sí, por favor, eso estaría bien.
Agente: Perfecto, te la envío enseguida.","Cristina mencionó una reorganización interna y preocupaciones presupuestarias, pero acordó recibir más información.",Enviar documentación,Lost
86d0af1a-67c,9feb00db,Cristina Navarro,Director de RRHH,Global Systems,Química,España,Málaga,22,2838000,Email marketing,2026-01-19,Cristina mostró un interés inicial moderado debido a la eficiencia que MoveUp podría aportar a sus viajes corporativos.,2,2026-02-01,13,7,"Cristina mencionó una reorganización interna y preocupaciones presupuestarias, pero acordó recibir más información.",Enviar documentación,"Agente: Hola Cristina, soy Laura de nuevo. Espero que hayas tenido tiempo de revisar la información que te envié.
Contacto: Hola Laura, sí, la revisé. Es interesante, pero como mencioné, estamos atados de manos con el presupuesto.
Agente: Entiendo, ¿te gustaría que organizara una reunión con nuestra especialista Elena para ver si podemos ajustar algo más a tus necesidades?
Contacto: No estoy segura, honestamente, nuestra situación no ha cambiado mucho desde la última vez que hablamos.
Agente: Aprecio tu sinceridad. Quizás Elena pueda ofrecerte una perspectiva diferente o alguna solución creativa.
Contacto: Bueno, podría escuchar una propuesta si no compromete mucho tiempo.
Agente: Ideal, coordinaré para que sea breve. ¿Te parece bien la próxima semana?
Contacto: Sí, creo que podríamos hacer un espacio.","Cristina sigue preocupada por el presupuesto, pero aceptó una reunión breve con la especialista.",Agendar demo/reunión con especialista,Lost
97667a1a-cb5,9feb00db,Cristina Navarro,Director de RRHH,Global Systems,Química,España,Málaga,22,2838000,Email marketing,2026-01-19,Cristina mostró un interés inicial moderado debido a la eficiencia que MoveUp podría aportar a sus viajes corporativos.,3,2026-02-06,18,5,"Cristina sigue preocupada por el presupuesto, pero aceptó una reunión breve con la especialista.",Agendar demo/reunión con especialista,"Agente: Hola Cristina, soy Laura. Quería saber tu opinión después de la reunión con Elena.
Contacto: Hola Laura. La verdad es que aún tengo mis dudas. La propuesta de coste sigue siendo un problema para nosotros.
Agente: Entiendo, ¿hay algo específico que te preocupe más aparte del presupuesto?
Contacto: Bueno, también estamos considerando si es el mejor momento para cambiar de proveedor con la situación actual.
Agente: Comprendo, cambiar de proveedor es una decisión importante. Tal vez podríamos ofrecer un periodo de prueba para que veas el valor por ti misma.
Contacto: Agradezco la oferta, pero pensándolo bien, creo que mejor lo dejamos para otro momento.
Agente: Claro, Cristina. Si en el futuro cambian las cosas, no dudes en contactarnos.
Contacto: Por supuesto, muchas gracias por tu tiempo y la información.
Agente: Gracias a ti, Cristina. Hasta luego.",Cristina decidió no seguir adelante con la propuesta debido a preocupaciones presupuestarias y de coyuntura.,Cerrar lead - no interesado,Lost
a2fb8fcb-bac,76e361ba,Alberto Navarro,Responsable de Movilidad,Smart Consulting,Automoción,España,Las Palmas,475,123272000,Partner comercial,2026-03-27,Smart Consulting mostró un interés inicial en explorar opciones de movilidad corporativa debido a recomendaciones de un partner comercial.,1,2026-03-30,3,0,PRIMERA_LLAMADA,PRIMERA_LLAMADA,"Agente: Hola, Alberto. Soy Diego López de MoveUp. ¿Cómo estás hoy?
Contacto: Hola, Diego. Bien, gracias. ¿En qué puedo ayudarte?
Agente: He visto que mostraste interés en nuestros servicios de movilidad corporativa. Quisiera saber más sobre sus necesidades y cómo podemos ayudarles.
Contacto: Sí, bueno... estamos considerando opciones, pero ya tenemos un proveedor.
Agente: Entiendo. ¿Podrías compartir más sobre tu experiencia actual y el volumen de viajes que realizan?
Contacto: Actualmente, hacemos alrededor de 150 viajes al mes, pero con la situación económica, no estamos buscando cambios.
Agente: Comprendo la preocupación por el presupuesto. ¿Podemos ofrecerte una propuesta que se ajuste mejor a sus necesidades?
Contacto: Nuestro presupuesto está bastante ajustado y, con la reorganización interna, no estamos tomando nuevas decisiones.
Agente: Si lo deseas, puedo agendar una reunión con nuestra especialista, Elena Navarro, para que puedas conocer mejor nuestras ventajas.
Contacto: Déjame pensarlo, pero ahora mismo no es una prioridad para nosotros.
Agente: Entiendo, Alberto. Quisiera mantener el contacto en caso de que decidan reconsiderar en el futuro.
Contacto: Claro, no hay problema.
Agente: Perfecto. Aprecio tu tiempo, Alberto.
Contacto: Gracias a ti, Diego. Hasta luego.","El contacto expresó que ya tienen un proveedor y están en medio de una reorganización interna, lo que limita su interés en nuevas soluciones.",Cerrar lead - no interesado,Lost
72138208-533,e7c83a77,Marta López,CFO,Pro Solutions,Farmacéutica,España,Valencia,971,110886000,Google Ads,2025-12-24,Pro Solutions mostró interés en el servicio de movilidad corporativa para mejorar la eficiencia de sus desplazamientos internos.,1,2025-12-29,5,0,PRIMERA_LLAMADA,PRIMERA_LLAMADA,"Agente: Hola Marta, soy Marta Díaz de MoveUp. ¿Cómo estás?
Contacto: Hola Marta, bien, gracias. Estuvimos revisando vuestra propuesta inicial.
Agente: ¡Perfecto! Me gustaría saber si el volumen de viajes que manejan es el mismo que discutimos previamente.
Contacto: Sí, mantenemos un promedio de 200 viajes mensuales.
Agente: Entiendo. ¿Han visto alguna limitación en el presupuesto para implementar este servicio?
Contacto: No precisamente, pero queremos asegurarnos de que el precio sea competitivo.
Agente: Por supuesto. Podemos revisar las cifras más a fondo. ¿Hay alguna objeción o pregunta que podamos resolver ahora?
Contacto: Nos gustaría saber más sobre cómo se integraría con nuestros sistemas actuales.
Agente: Claro, eso es algo que nuestro especialista Roberto Sánchez puede explicar con más detalle.
Contacto: Estupendo, creo que una reunión sería útil.
Agente: Excelente, agendemos una demo con Roberto para que pueda responder todas tus dudas.",Marta mostró interés en una demo para entender mejor la integración con sus sistemas.,Agendar demo/reunión con especialista,In Progress
8c780e86-346,e7c83a77,Marta López,CFO,Pro Solutions,Farmacéutica,España,Valencia,971,110886000,Google Ads,2025-12-24,Pro Solutions mostró interés en el servicio de movilidad corporativa para mejorar la eficiencia de sus desplazamientos internos.,2,2026-01-05,12,7,Marta mostró interés en una demo para entender mejor la integración con sus sistemas.,Agendar demo/reunión con especialista,"Agente: Hola Marta, aquí Marta Díaz de nuevo. ¿Confirmamos la demo con Roberto?
Contacto: Hola, sí, la demo fue muy útil. Roberto aclaró muchas de nuestras dudas sobre la integración.
Agente: Me alegra escuchar eso. ¿Cómo ves el ajuste del servicio a sus necesidades?
Contacto: Se ve bastante bien. Ahora necesitamos evaluar el impacto financiero más detalladamente.
Agente: Entiendo, puedo enviar un desglose más detallado de los costos. ¿Te parece?
Contacto: Sí, eso sería genial. También necesitamos algunas referencias de clientes similares.
Agente: Perfecto, prepararé esa documentación y te la enviaré pronto.
Contacto: De acuerdo, estaré esperando.
Agente: Muy bien, estamos en contacto entonces.","La demo fue exitosa, pero Marta solicitó un desglose de costos y referencias.",Enviar documentación,In Progress
213c9875-f9f,e7c83a77,Marta López,CFO,Pro Solutions,Farmacéutica,España,Valencia,971,110886000,Google Ads,2025-12-24,Pro Solutions mostró interés en el servicio de movilidad corporativa para mejorar la eficiencia de sus desplazamientos internos.,3,2026-01-10,17,5,"La demo fue exitosa, pero Marta solicitó un desglose de costos y referencias.",Enviar documentación,"Agente: Hola Marta, Marta Díaz nuevamente. ¿Recibiste la documentación que envié?
Contacto: Hola Marta, sí, la recibí y la revisamos con mi equipo.
Agente: ¿Les pareció bien? ¿Alguna otra información que necesiten?
Contacto: Necesitaríamos una reunión más con nuestro director general para tomar una decisión final.
Agente: Claro, puedo organizar otra reunión con Roberto y cualquier otra persona de nuestro equipo que sea necesaria.
Contacto: Eso sería ideal. Nos gustaría cerrar esto pronto, si es posible.
Agente: Entiendo. Coordinaré todo para que podamos avanzar rápido. ¿Cuándo te viene bien?
Contacto: La próxima semana sería perfecto.
Agente: Perfecto, te confirmo la fecha y hora lo antes posible.",Marta confirmó que necesitan una reunión con su director general antes de tomar una decisión final.,Esperar confirmación cliente,In Progress
2133b0fc-aa2,e4e7ee7d,María Serrano,Responsable de Flota,Max Logistics,Telecomunicaciones,España,Córdoba,634,147278000,Email marketing,2025-10-22,María mostró un gran interés en optimizar el coste de movilidad de sus empleados debido al reciente crecimiento de la empresa.,1,2025-10-23,1,0,PRIMERA_LLAMADA,PRIMERA_LLAMADA,"Agente: Hola María, soy Pablo Fernández de MoveUp. ¿Cómo estás?
Contacto: Hola Pablo, muy bien, gracias. Estuve revisando el correo que me enviaste y estoy interesada en conocer más sobre su servicio.
Agente: Excelente. He visto que Max Logistics está creciendo rápidamente. ¿Cómo está afectando esto a sus necesidades de movilidad?
Contacto: Sí, efectivamente, estamos viendo un aumento en los desplazamientos de nuestros empleados, y los costes se nos están disparando.
Agente: Entiendo. Nuestro servicio puede ayudarles a reducir esos costes significativamente. ¿Qué volumen de viajes gestionan actualmente?
Contacto: Aproximadamente unas 300 salidas al mes.
Agente: Perfecto, tenemos experiencia gestionando ese tipo de volúmenes. ¿Qué presupuesto tienen pensado destinar a esta necesidad?
Contacto: Aún no tenemos un presupuesto cerrado, estamos revisando opciones.
Agente: Perfecto, puedo enviarte un documento con más información para que lo evalúes. ¿Te parece bien?
Contacto: Sí, por favor, mándamelo.
Agente: De acuerdo, te lo envío hoy mismo. ¿Podemos hablar de nuevo la próxima semana para resolver cualquier duda?
Contacto: Claro, me parece bien.",María mostró interés en el servicio de MoveUp y acordaron enviarle información detallada.,Enviar documentación,Converted
46e78104-faa,e4e7ee7d,María Serrano,Responsable de Flota,Max Logistics,Telecomunicaciones,España,Córdoba,634,147278000,Email marketing,2025-10-22,María mostró un gran interés en optimizar el coste de movilidad de sus empleados debido al reciente crecimiento de la empresa.,2,2025-10-30,8,7,María mostró interés en el servicio de MoveUp y acordaron enviarle información detallada.,Enviar documentación,"Agente: Hola María, soy Pablo de nuevo. ¿Pudiste revisar la documentación que te envié?
Contacto: Hola Pablo, sí, la revisé y me parece muy interesante.
Agente: Genial. ¿Tienes alguna pregunta o inquietud sobre nuestras soluciones?
Contacto: Tengo algunas preguntas sobre cómo manejan el tema de la urgencia en los desplazamientos.
Agente: Ofrecemos un servicio prioritario que puede adaptarse a sus demandas más urgentes. ¿Podríamos agendar una reunión con nuestra especialista, Cristina Vera, para que te lo explique en detalle?
Contacto: Sí, eso sería excelente.
Agente: Perfecto, ¿cuándo te vendría bien que organicemos esta reunión?
Contacto: El jueves por la mañana estaría bien.
Agente: De acuerdo, lo coordinaré con Cristina y te enviaré la invitación. 
Contacto: Genial, espero con interés la reunión.
Agente: Gracias, María. Hablamos el jueves.",María mostró interés en avanzar y agendar una reunión con la especialista para discutir detalles específicos.,Agendar demo/reunión con especialista,Converted
00e038c8-059,d458395c,Rafael López,Director Comercial,Corp Dynamics,Educación,España,Barcelona,1954,171429000,Llamada en frío,2026-03-20,Hubo un interés inicial en reducir costos y mejorar la eficiencia de los viajes corporativos.,1,2026-03-27,7,0,PRIMERA_LLAMADA,PRIMERA_LLAMADA,"Agente: Hola, Rafael. Soy Javier Torres de MoveUp. ¿Cómo estás hoy?
Contacto: Hola, Javier. Estoy bien, gracias. Me interesa saber cómo puede MoveUp optimizar nuestros gastos en transporte.
Agente: Claro, podemos ofrecer tarifas planas y una solución centralizada para gestionar todos los viajes de sus empleados. ¿Cuántos viajes suelen realizar al mes?
Contacto: Aproximadamente 300 viajes mensuales.
Agente: Perfecto, con ese volumen podemos ofrecer un paquete personalizado. ¿Cuál es su presupuesto actual para movilidad?
Contacto: Estamos buscando mantenernos dentro de los 100,000 € anuales.
Agente: Entiendo, con nuestros paquetes, podríamos ofrecerle un ahorro significativo. ¿Le gustaría que programe una reunión con nuestro especialista, Roberto Sánchez, para discutirlo en detalle?
Contacto: Sí, me parecería bien. También necesitaría ver un demo del sistema.
Agente: Claro, podemos agendar ambas cosas. ¿Cuál sería un buen momento para usted?
Contacto: La próxima semana estaría perfecto.
Agente: Excelente, estaré en contacto para coordinar los detalles.
Contacto: Perfecto, gracias Javier.
Agente: Gracias a ti, Rafael. Hablamos pronto.",El contacto mostró interés en los servicios y se acordó agendar una reunión y demo.,Agendar demo/reunión con especialista,In Progress
2a5383cc-c26,d458395c,Rafael López,Director Comercial,Corp Dynamics,Educación,España,Barcelona,1954,171429000,Llamada en frío,2026-03-20,Hubo un interés inicial en reducir costos y mejorar la eficiencia de los viajes corporativos.,2,2026-04-03,14,7,El contacto mostró interés en los servicios y se acordó agendar una reunión y demo.,Agendar demo/reunión con especialista,"Agente: Hola, Rafael. Soy Javier otra vez. ¿Pudiste revisar las fechas para la reunión con Roberto?
Contacto: Hola, Javier. Sí, creo que podríamos hacerlo el jueves a las 11 AM.
Agente: Perfecto, lo coordinaré con Roberto. También nos gustaría saber si hay algún otro punto que te gustaría que cubramos en la reunión.
Contacto: Me gustaría ver ejemplos de casos de éxito y entender mejor cómo se integra con nuestros sistemas actuales.
Agente: No hay problema, llevaremos ejemplos específicos y la información sobre la integración. ¿Tienes alguna otra duda o necesitas algo más de mi parte?
Contacto: No, eso sería todo por ahora. Espero la reunión para decidir.
Agente: Perfecto, te envío el enlace para la reunión en breve. Gracias por tu tiempo, Rafael.
Contacto: Gracias a ti, Javier. Nos vemos el jueves.
Agente: Hasta entonces.",Se confirmaron la fecha y hora para la demo y reunión con el especialista. Se acordó proporcionar más detalles durante la reunión.,Esperar confirmación cliente,In Progress
19edf705-2fa,b90e1bd3,Laura Serrano,Head of Procurement,Digi Systems,Consultoría IT,España,Las Palmas,27,7160000,Email marketing,2026-01-18,Laura mostró un interés inicial en explorar servicios de movilidad para reducir costos y mejorar la logística de transporte de sus empleados.,1,2026-01-23,5,0,PRIMERA_LLAMADA,PRIMERA_LLAMADA,"Agente: Hola Laura, ¿cómo estás? Soy Diego López de MoveUp. Me gustaría hablar sobre tu interés en nuestros servicios corporativos de movilidad.
Contacto: Hola Diego, estoy bien, gracias. Estaba revisando su propuesta, pero ahora mismo no es nuestro foco principal.
Agente: Entiendo. Sin embargo, me gustaría hablar sobre cómo podemos optimizar sus costos actuales de transporte. ¿Cuántos viajes realizan al mes aproximadamente?
Contacto: Nos movemos en unas 100-150 salidas mensuales, pero ya tenemos un acuerdo con otra empresa.
Agente: Eso es comprensible. ¿Podríamos agendar una breve llamada con nuestro especialista, Tomás Iglesias, para discutir cómo podríamos ofrecerte mejores tarifas?
Contacto: Tal vez, pero ahora estamos en fase de revisión interna.
Agente: Claro, entonces puedo enviar más información por correo. ¿Te parece bien?
Contacto: Sí, enviame la documentación, por favor.","Laura mostró resistencia inicial debido a tener ya un proveedor, pero accedió a recibir más información por correo.",Enviar documentación,Lost
952f6c66-5fc,b90e1bd3,Laura Serrano,Head of Procurement,Digi Systems,Consultoría IT,España,Las Palmas,27,7160000,Email marketing,2026-01-18,Laura mostró un interés inicial en explorar servicios de movilidad para reducir costos y mejorar la logística de transporte de sus empleados.,2,2026-01-28,10,5,"Laura mostró resistencia inicial debido a tener ya un proveedor, pero accedió a recibir más información por correo.",Enviar documentación,"Agente: Hola Laura, soy Diego de nuevo. ¿Tuviste la oportunidad de revisar la documentación que te envié?
Contacto: Hola Diego, sí, lo revisé. Los precios son competitivos, pero estamos ajustando presupuestos y no podemos hacer grandes cambios ahora.
Agente: Entiendo la situación, pero realmente creemos que podríamos ayudar a ahorrar. ¿Qué tal si organizamos una reunión para discutirlo más a fondo con Tomás?
Contacto: Aprecio la oferta, pero ahora no estamos en posición de cambiar de proveedor.
Agente: Comprendido. ¿Te gustaría que recontácte en un par de semanas para ver si ha cambiado algo?
Contacto: Sí, por favor. Recontáctame entonces.",Laura confirmó que revisó la documentación pero reiteró su objeción por temas presupuestarios y de cambiar de proveedor.,Recontactar en X días,Lost
ecdd45ae-735,b90e1bd3,Laura Serrano,Head of Procurement,Digi Systems,Consultoría IT,España,Las Palmas,27,7160000,Email marketing,2026-01-18,Laura mostró un interés inicial en explorar servicios de movilidad para reducir costos y mejorar la logística de transporte de sus empleados.,3,2026-02-11,24,14,Laura confirmó que revisó la documentación pero reiteró su objeción por temas presupuestarios y de cambiar de proveedor.,Recontactar en X días,"Agente: Hola Laura, soy Diego, espero que estés bien. Te estoy llamando según lo acordado para ver si hay alguna novedad respecto a nuestra propuesta.
Contacto: Hola Diego, gracias por llamar. Hemos revisado todo y, lamentablemente, no podemos asumir un cambio en este momento debido a reorganizaciones internas.
Agente: Entiendo. Si hay algo que pueda hacer para facilitar el proceso o en el futuro...
Contacto: Aprecio tu comprensión, pero en este momento nuestra posición es firme.
Agente: De acuerdo, cerraré el contacto por ahora. No dudes en contactarme si cambia la situación.
Contacto: Gracias, Diego. Tendremos en cuenta a MoveUp para el futuro.",Laura decidió no continuar debido a reorganizaciones internas y falta de flexibilidad en el presupuesto.,Cerrar lead - no interesado,Lost
63f5c9bc-80d,00db7074,David Sánchez,Director de RRHH,Corp Networks,Medios y Publicidad,Portugal,Lisboa,21,4643000,Partner comercial,2025-12-30,"La empresa muestra gran interés debido a su crecimiento y alto volumen de desplazamientos, buscando reducir costes de movilidad.",1,2026-01-03,4,0,PRIMERA_LLAMADA,PRIMERA_LLAMADA,"Agente: Hola David, soy Marta Díaz de MoveUp. ¿Cómo estás?
Contacto: Muy bien, gracias Marta. Tenemos mucho interés en vuestro servicio.
Agente: Excelente, me gustaría entender un poco más de sus necesidades. ¿Podrías contarme sobre el volumen de desplazamientos que manejan?
Contacto: Claro, tenemos un volumen bastante alto, especialmente con nuestras oficinas en expansión.
Agente: Entiendo, y ¿actualmente cómo están gestionando esos costos?
Contacto: Lo manejamos internamente, pero los costes se nos están disparando.
Agente: Creo que MoveUp podría ser una gran solución para ustedes. ¿Les gustaría explorar una demo con nuestro especialista?
Contacto: Me parece una buena idea.
Agente: Perfecto, agendamos la demo entonces.",Se identificó un alto volumen de desplazamientos y se acordó agendar una demo con el especialista.,Agendar demo/reunión con especialista,Converted
5278e0ad-964,00db7074,David Sánchez,Director de RRHH,Corp Networks,Medios y Publicidad,Portugal,Lisboa,21,4643000,Partner comercial,2025-12-30,"La empresa muestra gran interés debido a su crecimiento y alto volumen de desplazamientos, buscando reducir costes de movilidad.",2,2026-01-06,7,3,Se identificó un alto volumen de desplazamientos y se acordó agendar una demo con el especialista.,Agendar demo/reunión con especialista,"Agente: Hola David, soy Marta de nuevo. ¿Cómo te fue revisando la información que te enviamos?
Contacto: Muy bien, la verdad es que nos parece muy adecuada la solución de MoveUp.
Agente: Me alegra oír eso. ¿Hay alguna objeción o pregunta que te gustaría que aclaremos en la demo?
Contacto: Bueno, solo estamos preocupados por el presupuesto y cómo encajaría con nuestros costes actuales.
Agente: Entiendo. Nuestro especialista Roberto puede explicarte en detalle cómo optimizar los costes. ¿Te gustaría confirmar la cita para la demo?
Contacto: Sí, por favor. Queremos avanzar lo antes posible.
Agente: Genial, entonces te confirmo la demo con Roberto.","El contacto revisó la información y se muestra interesado, aunque con preocupaciones sobre el presupuesto. Se confirmó la demo con el especialista.",Esperar confirmación cliente,Converted
74036972-786,00db7074,David Sánchez,Director de RRHH,Corp Networks,Medios y Publicidad,Portugal,Lisboa,21,4643000,Partner comercial,2025-12-30,"La empresa muestra gran interés debido a su crecimiento y alto volumen de desplazamientos, buscando reducir costes de movilidad.",3,2026-01-08,9,2,"El contacto revisó la información y se muestra interesado, aunque con preocupaciones sobre el presupuesto. Se confirmó la demo con el especialista.",Esperar confirmación cliente,"Agente: Hola David, ¿cómo estás? He hablado con Roberto sobre la demo que tuvieron.
Contacto: Hola Marta, todo fue muy bien. La demo nos aclaró todas las dudas y estamos listos para avanzar.
Agente: Excelente noticia. ¿Entonces están listos para contratar el servicio?
Contacto: Sí, queremos confirmar nuestra suscripción a MoveUp.
Agente: Perfecto, procederemos entonces con el contrato y la implementación. Te enviaré los documentos necesarios.
Contacto: Muchas gracias, estamos muy entusiasmados.
Agente: El placer es nuestro. Vamos a hacer que todo esté listo lo antes posible.",El cliente confirma la suscripción a MoveUp tras la demo. Se enviarán los documentos para completar el proceso.,Enviar documentación,Converted
52335b91-069,8f7e002d,Miguel Romero,Head of Procurement,Grupo Networks,Banca,España,Zaragoza,5986,1571762000,LinkedIn,2025-12-20,"Grupo Networks mostró un interés significativo en MoveUp, buscando optimizar sus costes de movilidad debido al alto volumen de desplazamientos corporativos.",1,2025-12-26,6,0,PRIMERA_LLAMADA,PRIMERA_LLAMADA,"Agente: Hola, Miguel. Soy Ana Ruiz de MoveUp. ¿Cómo estás hoy?
Contacto: Hola, Ana. Muy bien, gracias. Nos interesa mucho vuestra solución de movilidad.
Agente: Perfecto. He visto que tenéis un volumen considerable de empleados. ¿Cuántos desplazamientos suelen realizar al mes?
Contacto: Aproximadamente unos 5000 desplazamientos mensuales. Es una de las razones por las que buscamos optimizar.
Agente: Entiendo. Podemos ofrecer tarifas ajustadas para grandes volúmenes. ¿Habéis tenido problemas con los costes actuales?
Contacto: Sí, los costes se nos están yendo de las manos. Necesitamos algo más eficiente.
Agente: Claro, os podemos ayudar con eso. Además, tenemos una plataforma que facilita la gestión de los viajes. ¿Te gustaría que agendemos una reunión con nuestra especialista, Cristina Vera?
Contacto: Sí, me parece perfecto. ¿Cuándo podría ser?
Agente: Cristina está disponible esta semana. ¿Te va bien el jueves a las 10 de la mañana?
Contacto: El jueves a las 10 está bien.
Agente: Genial, te enviaré la invitación. Estoy segura de que Cristina podrá ofrecerte una solución adaptada a vuestras necesidades.
Contacto: Perfecto, muchas gracias, Ana.
Agente: Gracias a ti, Miguel. Nos vemos el jueves.",Miguel mostró un alto interés en la solución de MoveUp y se agendó una reunión con la especialista Cristina Vera.,Agendar demo/reunión con especialista,Converted
ad6d89bf-4ba,e09e52be,David Martínez,Director de Logística,Nova Dynamics,Medios y Publicidad,Colombia,Bogotá,5897,623462000,Feria o evento,2025-11-07,David mostró un interés inicial notable debido al alto volumen de desplazamientos que gestionan en su empresa y manifestó urgencia por optimizar los costes de movilidad.,1,2025-11-08,1,0,PRIMERA_LLAMADA,PRIMERA_LLAMADA,"Agente: Hola David, soy Diego López de MoveUp. ¿Cómo estás? 
Contacto: Hola Diego, todo bien, gracias. Estoy muy interesado en conocer más sobre su servicio, ya que en Nova Dynamics tenemos un volumen significativo de traslados corporativos. 
Agente: Me alegra escuchar eso. Nuestro servicio se especializa precisamente en optimizar la gestión y los costes de movilidad. Cuéntame, ¿cómo están manejando actualmente estos desplazamientos? 
Contacto: Actualmente usamos taxis y varios servicios que no están unificados, lo que complica el control de gastos. 
Agente: Entiendo. Nosotros ofrecemos una plataforma unificada que no solo simplifica la gestión, sino que también ayuda a controlar y reducir los costes. 
Contacto: Eso suena muy atractivo, especialmente porque estamos buscando reducir costes urgentemente. 
Agente: Perfecto, entonces podríamos agendar una reunión con nuestro especialista para profundizar en cómo MoveUp puede ayudarles. 
Contacto: Me parece bien, Diego. 
Agente: Genial, coordinaré para que Roberto Sánchez pueda reunirse contigo. 
Contacto: Perfecto, quedo atento. 
Agente: Gracias, David. Te estaré contactando en breve para confirmar la reunión. 
Contacto: Estaré esperando, gracias.",David expresó interés debido a la urgencia por reducir costes y acordaron agendar una reunión con el especialista.,Agendar demo/reunión con especialista,Converted
5ad75552-d9b,e09e52be,David Martínez,Director de Logística,Nova Dynamics,Medios y Publicidad,Colombia,Bogotá,5897,623462000,Feria o evento,2025-11-07,David mostró un interés inicial notable debido al alto volumen de desplazamientos que gestionan en su empresa y manifestó urgencia por optimizar los costes de movilidad.,2,2025-11-11,4,3,David expresó interés debido a la urgencia por reducir costes y acordaron agendar una reunión con el especialista.,Agendar demo/reunión con especialista,"Agente: Hola David, soy Diego nuevamente. Quería confirmar la reunión con Roberto Sánchez, nuestro especialista. 
Contacto: Hola Diego. Sí, estoy listo para la reunión. Tenemos una necesidad urgente de implementar una solución eficaz. 
Agente: Lo entiendo. Roberto estará encantado de mostrarte cómo MoveUp puede facilitar su gestión de movilidad. 
Contacto: Genial, esperamos poder adaptar esto pronto ya que nuestro presupuesto se está viendo afectado por los altos costes actuales. 
Agente: Claro, David. MoveUp está diseñado para maximizar la eficiencia y reducir los gastos. 
Contacto: Perfecto, entonces adelante con la reunión. 
Agente: Excelente, nos vemos el jueves a las 10 a.m. 
Contacto: Confirmado, gracias Diego. 
Agente: A ti, David. Hasta el jueves. 
Contacto: Hasta luego.","La reunión con el especialista quedó confirmada, mostrando David urgencia y predisposición a implementar pronto.",Esperar confirmación cliente,Converted
18cc1869-6fa,e09e52be,David Martínez,Director de Logística,Nova Dynamics,Medios y Publicidad,Colombia,Bogotá,5897,623462000,Feria o evento,2025-11-07,David mostró un interés inicial notable debido al alto volumen de desplazamientos que gestionan en su empresa y manifestó urgencia por optimizar los costes de movilidad.,3,2025-11-13,6,2,"La reunión con el especialista quedó confirmada, mostrando David urgencia y predisposición a implementar pronto.",Esperar confirmación cliente,"Agente: Hola David, aquí Diego. ¿Cómo te fue en la reunión con Roberto? 
Contacto: Hola Diego. La reunión fue muy positiva. Roberto explicó todo claramente y estamos convencidos de que MoveUp es la solución que necesitamos. 
Agente: ¡Eso es fantástico, David! ¿Qué pasos consideran seguir ahora? 
Contacto: Queremos avanzar con la implementación lo antes posible, ya que necesitamos controlar los costes de inmediato. 
Agente: Excelente, entonces procederemos con la firma del acuerdo para empezar cuanto antes. 
Contacto: De acuerdo, Diego. Envíame la documentación necesaria. 
Agente: Lo haré de inmediato y estaré pendiente de cualquier duda que surja. 
Contacto: Perfecto, cuento con eso. Gracias, Diego. 
Agente: Gracias a ti, David. Estamos emocionados de trabajar con ustedes. 
Contacto: Nosotros también. Hasta pronto. 
Agente: Hasta luego.",David confirmó su decisión de avanzar con MoveUp y solicitó la documentación para empezar.,Enviar documentación,Converted
65b72a74-c17,7b77571e,Javier Ruiz,CEO,Prime Services,Seguros,España,Las Palmas,9246,1437647000,Feria o evento,2025-11-25,Prime Services está buscando mejorar su gestión de costes de movilidad debido a su rápido crecimiento y alto volumen de desplazamientos.,1,2025-11-29,4,0,PRIMERA_LLAMADA,PRIMERA_LLAMADA,"Agente: Hola Javier, soy Carlos Martínez de MoveUp. ¿Cómo estás?
Contacto: Hola Carlos, bien, gracias. Estoy interesado en saber más sobre vuestro servicio.
Agente: Excelente. Sé que Prime Services está expandiéndose rápidamente. ¿Podrías contarme un poco sobre vuestros retos actuales con la movilidad?
Contacto: Claro, estamos viendo un aumento en los desplazamientos y los costes asociados están afectando nuestro presupuesto.
Agente: Entiendo, nuestro servicio está diseñado para empresas como la tuya que necesitan una solución eficiente y económica para la movilidad corporativa.
Contacto: Eso suena interesante. ¿Cómo puede MoveUp ayudarnos a reducir costes y gestionar mejor estos desplazamientos?
Agente: Podemos ofrecerte tarifas corporativas fijas, un sistema de facturación centralizado y reportes detallados sobre el uso de los servicios.
Contacto: Genial, eso es justo lo que necesitamos.
Agente: Perfecto, ¿te gustaría que te enviara más información detallada sobre nuestras propuestas?
Contacto: Sí, por favor, eso me ayudaría mucho.",Javier mostró un interés sólido en el servicio y pidió más información detallada.,Enviar documentación,Converted
4a0c11af-81b,7b77571e,Javier Ruiz,CEO,Prime Services,Seguros,España,Las Palmas,9246,1437647000,Feria o evento,2025-11-25,Prime Services está buscando mejorar su gestión de costes de movilidad debido a su rápido crecimiento y alto volumen de desplazamientos.,2,2025-12-04,9,5,Javier mostró un interés sólido en el servicio y pidió más información detallada.,Enviar documentación,"Agente: Hola Javier, soy Carlos otra vez. ¿Recibiste la documentación que te envié?
Contacto: Hola Carlos, sí, la he revisado. Parece bastante completa.
Agente: Perfecto, ¿tienes alguna pregunta específica o alguna duda sobre nuestras soluciones?
Contacto: Me gustaría saber cómo se adapta vuestro servicio a empresas de nuestro tamaño.
Agente: Tenemos experiencia trabajando con empresas grandes y ofrecemos un servicio escalable que puede ajustarse a tus necesidades.
Contacto: Eso es importante para nosotros. También nos urge implementar algo pronto debido a los costes crecientes.
Agente: Entiendo la urgencia. Creo que podemos discutir esto más a fondo en una demo. ¿Te gustaría agendar una reunión con nuestro especialista, Roberto Sánchez?
Contacto: Sí, me parece bien. Cuanto antes mejor.",Javier revisó la documentación y mostró interés en una demo para entender mejor el servicio.,Agendar demo/reunión con especialista,Converted
8d87e912-9cf,7b77571e,Javier Ruiz,CEO,Prime Services,Seguros,España,Las Palmas,9246,1437647000,Feria o evento,2025-11-25,Prime Services está buscando mejorar su gestión de costes de movilidad debido a su rápido crecimiento y alto volumen de desplazamientos.,3,2025-12-07,12,3,Javier revisó la documentación y mostró interés en una demo para entender mejor el servicio.,Agendar demo/reunión con especialista,"Agente: Hola Javier, ¿cómo estás? Espero que la reunión con Roberto haya sido útil.
Contacto: Hola Carlos, sí, fue muy detallada. Nos ayudó a entender claramente cómo MoveUp se adapta a nuestras necesidades.
Agente: Me alegra escuchar eso. ¿Cómo te sientes respecto a los próximos pasos?
Contacto: Estamos listos para proceder. Solo necesito confirmar algunos detalles internos y podemos avanzar.
Agente: Excelente, ¿quieres que esperemos tu confirmación o hay algo más que podamos hacer?
Contacto: No, solo necesito unos días para la confirmación final.
Agente: Perfecto, estaré atento a tu respuesta. Gracias por la confianza en MoveUp.
Contacto: Gracias a ti, Carlos.",Javier confirmó que están listos para proceder y solo necesitan tiempo para la confirmación interna final.,Esperar confirmación cliente,Converted
157d8724-855,15d7bb41,Ana Rodríguez,Head of Procurement,Corp Services,Logística,España,Alicante,2770,439146000,Formulario web,2025-11-04,Corp Services mostró interés en optimizar sus gastos de movilidad corporativa y mejorar la eficiencia del transporte para sus empleados.,1,2025-11-05,1,0,PRIMERA_LLAMADA,PRIMERA_LLAMADA,"Agente: Hola Ana, soy Sofía Moreno de MoveUp. ¿Cómo estás?
Contacto: Hola Sofía, estoy bien, gracias. Estaba esperando tu llamada.
Agente: Genial. Vi que completaste nuestro formulario. ¿Podrías contarme un poco más sobre cómo manejan actualmente la movilidad corporativa?
Contacto: Claro, actualmente tenemos acuerdos con varios proveedores locales, pero estamos buscando consolidar y optimizar esos servicios.
Agente: Entiendo. Basándonos en el tamaño de tu empresa, creo que podemos aportar un gran valor. ¿Cuántos viajes están realizando mensualmente en promedio?
Contacto: Aproximadamente 1,500 viajes al mes.
Agente: Eso es un volumen considerable. Podemos ofrecer precios competitivos y una gestión centralizada del servicio.
Contacto: Perfecto. Me interesa saber más sobre los costos y cómo podríamos implementar su solución.
Agente: Claro, puedo enviar un documento detallado con nuestras tarifas y servicios. También, podríamos agendar una demo con Roberto Sánchez, nuestro especialista.
Contacto: Me parece bien. Preferiría revisar la documentación primero.
Agente: Excelente, te lo enviaré hoy mismo. Después de revisarlo, podemos coordinar la demo. ¿Te parece?
Contacto: Sí, estaré atenta. Gracias, Sofía.
Agente: Gracias a ti, Ana. Quedamos en contacto.",Ana mostró interés en consolidar los servicios de movilidad y acordó recibir documentación detallada.,Enviar documentación,In Progress
4dc608c0-3f3,5387d729,Ana Romero,Director General,Omega Group,Telecomunicaciones,España,Las Palmas,21,6289000,Inbound / Blog,2025-12-26,El lead mostró interés tras leer un artículo en el blog sobre la optimización de costos en movilidad corporativa.,1,2026-01-01,6,0,PRIMERA_LLAMADA,PRIMERA_LLAMADA,"Agente: Hola Ana, soy Ana Ruiz de MoveUp. ¿Cómo estás hoy?
Contacto: Hola, bien, gracias. ¿En qué puedo ayudarte?
Agente: Quería hablar contigo sobre cómo MoveUp puede ayudar a Omega Group a optimizar sus costos de transporte corporativo. Vi que mostraste interés en nuestro artículo sobre el tema.
Contacto: Sí, lo leí. Pero en este momento tenemos un proveedor que nos ofrece tarifas bastante competitivas.
Agente: Entiendo, ¿puedo preguntarte cuántos viajes mensuales están gestionando actualmente?
Contacto: Aproximadamente unos 150 viajes al mes.
Agente: Bien, con ese volumen, podríamos analizar un plan que se ajuste a sus necesidades específicas y quizás mejorar las tarifas actuales.
Contacto: Suena interesante, pero como te dije, estamos bastante satisfechos con el actual proveedor.
Agente: Claro, podríamos ofrecerte una demostración para que veas cómo funciona nuestra plataforma. ¿Te gustaría agendar una?
Contacto: Déjame pensarlo. Ahora mismo, no estamos buscando hacer cambios drásticos.
Agente: Entiendo. Estaré en contacto pronto para saber si hay algún cambio en vuestra situación.
Contacto: Perfecto, gracias.",Ana Romero mostró interés inicial pero destacó satisfacción con su proveedor actual.,Recontactar en X días,Lost
93024b1e-e3d,5387d729,Ana Romero,Director General,Omega Group,Telecomunicaciones,España,Las Palmas,21,6289000,Inbound / Blog,2025-12-26,El lead mostró interés tras leer un artículo en el blog sobre la optimización de costos en movilidad corporativa.,2,2026-01-08,13,7,Ana Romero mostró interés inicial pero destacó satisfacción con su proveedor actual.,Recontactar en X días,"Agente: Hola Ana, soy Ana Ruiz nuevamente de MoveUp, ¿cómo has estado?
Contacto: Hola Ana, bien, gracias. ¿Qué tal?
Agente: Todo bien, gracias. Quería retomar nuestra conversación sobre MoveUp y ver si hay interés en considerar un cambio.
Contacto: He estado pensando en ello, pero sinceramente, no vemos espacio en nuestro presupuesto ahora.
Agente: Entiendo lo del presupuesto. A veces podemos encontrar formas de hacer el cambio sin afectar las finanzas actuales, optimizando los costos.
Contacto: Ahora mismo, estamos en plena reorganización interna y no es el mejor momento para hacer cambios en nuestros proveedores.
Agente: Comprendo, ¿cómo ves la posibilidad de revisar esto en el futuro cercano?
Contacto: Por ahora, no creo que sea posible. Quizás más adelante.
Agente: Está bien, Ana. Gracias por tu tiempo y, si cambias de opinión, aquí estoy para ayudarte.
Contacto: Gracias, Ana, te lo agradezco.",Ana Romero reafirmó que la reorganización interna y el presupuesto limitado impiden considerar a MoveUp.,Cerrar lead - no interesado,Lost
75c8eefd-7e1,74f1709b,Laura Jiménez,CEO,Euro Logistics,Tecnología,España,Granada,22,2906000,Referencia de cliente,2025-10-30,Laura está interesada en optimizar los costes de movilidad debido al crecimiento y aumento de desplazamientos.,1,2025-11-04,5,0,PRIMERA_LLAMADA,PRIMERA_LLAMADA,"Agente: Hola Laura, soy Sofía Moreno de MoveUp. Me comentó un cliente que estaban interesados en nuestros servicios.
Contacto: Hola Sofía, sí, justo ahora estamos evaluando opciones para mejorar nuestra movilidad corporativa.
Agente: ¿Podrías contarme un poco más sobre los desafíos que enfrentan?
Contacto: Claro, hemos crecido bastante y con solo 22 empleados, estamos gestionando un alto volumen de desplazamientos, lo que afecta nuestros costes.
Agente: Entiendo. Podemos ofrecer soluciones personalizadas que se adapten a sus necesidades. ¿Hay algún aspecto que te preocupe en particular?
Contacto: Principalmente, la urgencia en reducir esos costes sin perder eficiencia.
Agente: Perfecto, creo que podemos ayudarte. ¿Te parecería si programamos una reunión con nuestro especialista, Tomás Iglesias?
Contacto: Sí, me gustaría eso.
Agente: Genial, agendaré una demo con él. Nos pondremos en contacto pronto.
Contacto: Perfecto, muchas gracias, Sofía.",Laura muestra un interés significativo y acuerdan agendar una demo con el especialista.,Agendar demo/reunión con especialista,Converted
24b286cf-74f,74f1709b,Laura Jiménez,CEO,Euro Logistics,Tecnología,España,Granada,22,2906000,Referencia de cliente,2025-10-30,Laura está interesada en optimizar los costes de movilidad debido al crecimiento y aumento de desplazamientos.,2,2025-11-07,8,3,Laura muestra un interés significativo y acuerdan agendar una demo con el especialista.,Agendar demo/reunión con especialista,"Agente: Hola Laura, soy Sofía de nuevo. ¿Cómo estás?
Contacto: Hola Sofía, bien, gracias. Esperando la demo con Tomás.
Agente: Genial. La reunión está programada para el miércoles a las 11 am. Quería confirmar que ese horario te viene bien.
Contacto: Sí, es perfecto. ¿Qué más necesitaremos para la reunión?
Agente: Solo necesitarás acceso a internet para la videollamada. Tomás te mostrará cómo nuestras soluciones pueden reducir los costes de movilidad de Euro Logistics.
Contacto: Perfecto, estaremos listos. Nos interesa ver cómo podemos implementar rápido.
Agente: Eso lo notaremos en la demo. Gracias, Laura.
Contacto: Gracias a ti, Sofía.",Laura confirma la reunión con el especialista y muestra interés por una implementación rápida.,Esperar confirmación cliente,Converted
05947f57-4c0,74f1709b,Laura Jiménez,CEO,Euro Logistics,Tecnología,España,Granada,22,2906000,Referencia de cliente,2025-10-30,Laura está interesada en optimizar los costes de movilidad debido al crecimiento y aumento de desplazamientos.,3,2025-11-12,13,5,Laura confirma la reunión con el especialista y muestra interés por una implementación rápida.,Esperar confirmación cliente,"Agente: Hola de nuevo, Laura. Espero que la demo con Tomás haya sido útil.
Contacto: Hola Sofía, sí, fue muy esclarecedora. Nos gustó mucho cómo MovUp puede reducir nuestros costes.
Agente: Me alegra oír eso. ¿Qué pasos piensas tomar ahora?
Contacto: Estamos listos para confirmar y firmar. Solo necesito algunos detalles finales del contrato.
Agente: Excelente, te enviaré la documentación necesaria para completar el proceso.
Contacto: Perfecto, gracias por la atención, Sofía.
Agente: Gracias a ti, Laura. Estaremos en contacto pronto para empezar.
Contacto: Así será.",Laura confirma su intención de avanzar y solicita detalles finales del contrato.,Enviar documentación,Converted
c2825da4-bfc,ca9e91ec,Roberto Álvarez,CFO,Tech Partners,Telecomunicaciones,España,Madrid,224,23093000,Formulario web,2026-02-24,Roberto mostró un fuerte interés en reducir los costes de movilidad debido al alto volumen de desplazamientos de sus empleados.,1,2026-03-01,5,0,PRIMERA_LLAMADA,PRIMERA_LLAMADA,"Agente: Hola Roberto, soy Diego López de MoveUp. ¿Cómo estás hoy?
Contacto: Hola Diego, estoy bien, gracias. Estaba esperando tu llamada.
Agente: Genial. Veo que llenaste el formulario web indicando interés en nuestros servicios. ¿Podrías contarme un poco más sobre las necesidades de Tech Partners?
Contacto: Claro, estamos experimentando un crecimiento considerable y nuestros empleados tienen un alto volumen de desplazamientos. Buscamos optimizar costes de movilidad.
Agente: Entiendo, ¿tienes algún presupuesto específico en mente para abordar este tema?
Contacto: Estamos abiertos a propuestas, pero necesitamos una solución que sea eficiente y rentable.
Agente: Perfecto, nuestro servicio podría encajar muy bien. ¿Te gustaría una demo para ver cómo trabajamos?
Contacto: Sí, me gustaría entender cómo podríamos integrar vuestra solución.
Agente: Excelente, coordinaré para que nuestra especialista, Cristina Vera, te haga una demostración. ¿Te parece bien si agendamos una reunión?
Contacto: Sí, eso funcionaría.
Agente: Entonces, agendaré una demo con Cristina y te enviaré una confirmación. Gracias por tu tiempo, Roberto.
Contacto: Gracias a ti, Diego. Espero la confirmación.",Roberto expresó un interés claro en una solución eficiente para sus necesidades de movilidad y acordó realizar una demo con la especialista.,Agendar demo/reunión con especialista,Converted
46a300de-4ce,ca9e91ec,Roberto Álvarez,CFO,Tech Partners,Telecomunicaciones,España,Madrid,224,23093000,Formulario web,2026-02-24,Roberto mostró un fuerte interés en reducir los costes de movilidad debido al alto volumen de desplazamientos de sus empleados.,2,2026-03-04,8,3,Roberto expresó un interés claro en una solución eficiente para sus necesidades de movilidad y acordó realizar una demo con la especialista.,Agendar demo/reunión con especialista,"Agente: Hola Roberto, soy Diego de nuevo. ¿Cómo estás?
Contacto: Hola Diego, bien, gracias. Acabo de revisar la documentación de la demo.
Agente: Genial. ¿Qué te ha parecido la propuesta de nuestra especialista Cristina?
Contacto: Me ha parecido muy completa y creo que podría encajar con nuestras necesidades.
Agente: Me alegra escuchar eso. ¿Tienes alguna duda o hay algo que te gustaría ajustar en la propuesta?
Contacto: No, en principio todo está claro. Nos gustaría avanzar con la implementación.
Agente: Perfecto, entonces solo necesitaríamos una confirmación formal para empezar.
Contacto: Por supuesto. Te enviaré la confirmación por correo en breve.
Agente: Excelente, Roberto. Estaremos esperando tu correo para dar inicio. Gracias de nuevo por tu confianza.
Contacto: Gracias a vosotros, Diego. Estoy seguro de que será una buena colaboración.",Roberto confirmó su decisión de seguir adelante con MoveUp y se comprometió a enviar la confirmación formal por correo.,Esperar confirmación cliente,Converted
bc2cee08-807,ef88bce8,Cristina Ruiz,Director General,Grupo Dynamics,Manufactura,España,Vigo,866,137832000,Formulario web,2025-11-15,Cristina Ruiz mostró un fuerte interés en encontrar una solución de movilidad eficiente debido al crecimiento y alto volumen de desplazamientos de su empresa.,1,2025-11-17,2,0,PRIMERA_LLAMADA,PRIMERA_LLAMADA,"Agente: Hola Cristina, soy Laura Gómez de MoveUp. ¿Cómo estás?
Contacto: Hola Laura, estoy bien, gracias. Justo revisé su servicio y parece muy prometedor para optimizar nuestros desplazamientos.
Agente: Excelente, veo que su empresa está creciendo y eso puede elevar los costos de movilidad. ¿Cómo manejan actualmente esos desplazamientos?
Contacto: Actualmente usamos taxis y servicios locales, pero la gestión y los costos están descontrolados.
Agente: Entiendo, con MoveUp podríamos centralizar y optimizar todo eso, reduciendo sus costos significativamente.
Contacto: Eso es justo lo que necesitamos. Además, estamos bajo presión para resolver esto antes de fin de trimestre.
Agente: Perfecto, podríamos hacer una demo para mostrarle cómo operamos. ¿Qué le parece?
Contacto: Me parece bien, cuanto antes mejor.
Agente: Genial, voy a agendar una reunión con nuestro especialista Tomás Iglesias para una demo. ¿Le parece bien el jueves a las 10 am?
Contacto: Sí, jueves a las 10 am está bien.
Agente: Perfecto, le enviaré la confirmación. Gracias, Cristina.
Contacto: Gracias a ti, Laura.",Se acordó agendar una demo con el especialista Tomás Iglesias para mostrar cómo MoveUp puede optimizar la movilidad.,Agendar demo/reunión con especialista,Converted
ed866bef-e74,ef88bce8,Cristina Ruiz,Director General,Grupo Dynamics,Manufactura,España,Vigo,866,137832000,Formulario web,2025-11-15,Cristina Ruiz mostró un fuerte interés en encontrar una solución de movilidad eficiente debido al crecimiento y alto volumen de desplazamientos de su empresa.,2,2025-11-20,5,3,Se acordó agendar una demo con el especialista Tomás Iglesias para mostrar cómo MoveUp puede optimizar la movilidad.,Agendar demo/reunión con especialista,"Agente: Hola Cristina, soy Laura Gómez, espero que todo esté bien. ¿Pudiste asistir a la demo con Tomás?
Contacto: Sí, Laura. Fue muy esclarecedor y estamos impresionados con lo que MoveUp puede ofrecer.
Agente: Me alegra escuchar eso. ¿Hay alguna pregunta o preocupación que le gustaría discutir antes de proceder?
Contacto: No, todo quedó bastante claro. Nos preocupa un poco el presupuesto, pero los beneficios superan esos costos.
Agente: Entiendo, y podemos trabajar en un plan que se ajuste a sus necesidades. ¿Quisiera proceder con la firma del acuerdo?
Contacto: Sí, estamos listos para confirmar. Queremos implementar esto lo antes posible.
Agente: Fantástico, entonces enviaré el acuerdo para su firma electrónica hoy mismo.
Contacto: Perfecto, estaré pendiente.
Agente: Gracias, Cristina. Hablaremos pronto.
Contacto: Gracias a ti, Laura.",Cristina confirmó que están listos para avanzar y proceder con la firma del acuerdo.,Esperar confirmación cliente,Converted
5621eb6c-853,ac24173d,Jorge Navarro,Gerente de Administración,Nova Consulting,Química,España,Las Palmas,1879,407032000,Inbound / Blog,2026-02-01,Jorge mostró un gran interés en optimizar los costes de movilidad dado el alto volumen de desplazamientos de la empresa.,1,2026-02-05,4,0,PRIMERA_LLAMADA,PRIMERA_LLAMADA,"Agente: Hola, Jorge, soy Sofía Moreno de MoveUp. ¿Cómo estás?
Contacto: Hola Sofía, encantado. Estoy bien, gracias. ¿Y tú?
Agente: Muy bien, gracias. Quería hablar contigo sobre cómo MoveUp podría ayudar a Nova Consulting a gestionar sus desplazamientos corporativos. Vimos que visitaste nuestro blog.
Contacto: Sí, encontramos vuestro servicio interesante. Estamos buscando maneras de reducir nuestros costes de movilidad.
Agente: Entiendo. ¿Podrías darme una idea de cuántos desplazamientos realizan al mes?
Contacto: Aproximadamente 2000. Con nuestro crecimiento, ha sido un reto gestionar esto eficientemente.
Agente: Eso es bastante. Nuestro servicio podría ayudarte a gestionar tanto el volumen como los costes.
Contacto: Eso es justo lo que necesitamos.
Agente: Genial, ¿querrías que programe una reunión con nuestra especialista, Cristina Vera?
Contacto: Sí, por favor. Me gustaría profundizar en las soluciones que tienen.
Agente: Perfecto, agendaré una reunión con Cristina para discutir en detalle.
Contacto: Excelente, quedo a la espera.
Agente: Gracias, Jorge. Te enviaré la invitación pronto.
Contacto: Gracias, Sofía.
Agente: Adiós.
Contacto: Hasta luego.",Jorge mostró interés en reducir costes de movilidad. Se acordó agendar una reunión con la especialista.,Agendar demo/reunión con especialista,Converted
00448123-cb3,ac24173d,Jorge Navarro,Gerente de Administración,Nova Consulting,Química,España,Las Palmas,1879,407032000,Inbound / Blog,2026-02-01,Jorge mostró un gran interés en optimizar los costes de movilidad dado el alto volumen de desplazamientos de la empresa.,2,2026-02-08,7,3,Jorge mostró interés en reducir costes de movilidad. Se acordó agendar una reunión con la especialista.,Agendar demo/reunión con especialista,"Agente: Hola Jorge, ¿cómo estás?
Contacto: Hola Sofía, muy bien, gracias.
Agente: Quería saber cómo te fue en la reunión con Cristina.
Contacto: La reunión fue muy esclarecedora. Cristina explicó muy bien cómo podemos optimizar nuestros desplazamientos.
Agente: Me alegra escuchar eso. ¿Alguna pregunta pendiente o dudas?
Contacto: No, todo claro. Queremos implementar el servicio cuanto antes.
Agente: Excelente. Puedo preparar la documentación para iniciar el proceso.
Contacto: Por favor, háganlo. Estamos listos para avanzar.
Agente: Fantástico. Te enviaré la documentación hoy mismo para que puedas revisarla y firmar.
Contacto: Muy bien, estaré pendiente.
Agente: Gracias, Jorge. Espero que tengamos una colaboración fructífera.
Contacto: También lo espero. Estamos emocionados con este nuevo paso.
Agente: Perfecto, Jorge. Te envío la documentación enseguida.
Contacto: Gracias, Sofía.
Agente: Hasta pronto.
Contacto: Hasta luego.",Jorge confirmó que Nova Consulting está listo para implementar el servicio. Se acordó enviar la documentación para firmar.,Esperar confirmación cliente,Converted
99cd5e49-86e,e753786b,Lucía Torres,Responsable de Flota,Alpha Systems,Distribución,España,Las Palmas,772,185012000,Google Ads,2025-10-25,Lucía mostró un fuerte interés inicial debido al alto volumen de desplazamientos y la necesidad urgente de optimizar costes de movilidad.,1,2025-10-28,3,0,PRIMERA_LLAMADA,PRIMERA_LLAMADA,"Agente: Hola Lucía, soy Laura Gómez de MoveUp. ¿Cómo estás?
Contacto: Hola Laura, muy bien, gracias. Espero que tú también.
Agente: Todo bien, gracias. Vi que nos encontraste por Google Ads. ¿Qué te llamó la atención?
Contacto: Estamos buscando soluciones para gestionar mejor nuestra flota corporativa. Movemos a cerca de 200 personas al día y necesitamos optimizar los costes.
Agente: Entiendo, eso es bastante volumen. ¿Tienen algún sistema actual que estén usando?
Contacto: Sí, pero no es eficiente. Estamos creciendo y necesitamos algo más robusto.
Agente: Perfecto, MoveUp puede ayudar con eso. ¿Te parece si te envío más información detallada sobre nuestro servicio?
Contacto: Sí, por favor, me gustaría revisar las opciones.
Agente: Genial, te lo enviaré hoy mismo.
Contacto: Muchas gracias, quedo atenta.
Agente: De nada, Lucía. Hablamos pronto.",Lucía expresó interés en recibir más información sobre MoveUp.,Enviar documentación,Converted
a0451d50-b68,e753786b,Lucía Torres,Responsable de Flota,Alpha Systems,Distribución,España,Las Palmas,772,185012000,Google Ads,2025-10-25,Lucía mostró un fuerte interés inicial debido al alto volumen de desplazamientos y la necesidad urgente de optimizar costes de movilidad.,2,2025-11-02,8,5,Lucía expresó interés en recibir más información sobre MoveUp.,Enviar documentación,"Agente: Hola Lucía, soy Laura otra vez. Quería saber si tuviste tiempo de revisar la documentación que te envié.
Contacto: Hola Laura, sí, la revisé. Me parece interesante, especialmente la parte de los reportes de uso y ahorro de costes.
Agente: Me alegra escuchar eso. ¿Tienes alguna pregunta específica sobre las funcionalidades?
Contacto: Sí, me gustaría saber más sobre la integración con nuestros sistemas actuales.
Agente: Claro, podemos integrar con varios sistemas mediante nuestra API. ¿Te gustaría agendar una reunión con nuestra especialista para más detalles?
Contacto: Eso sería ideal, sí.
Agente: Perfecto, agendaré una demo con Cristina Vera. ¿Alguna preferencia de fecha?
Contacto: Esta semana, si es posible.
Agente: Lo coordino para que sea esta semana. Te aviso en breve.
Contacto: Excelente, gracias Laura.
Agente: De nada, Lucía. Hasta pronto.",Lucía mostró interés en una demostración para entender mejor la integración.,Agendar demo/reunión con especialista,Converted
7bb8b8f0-3e3,e753786b,Lucía Torres,Responsable de Flota,Alpha Systems,Distribución,España,Las Palmas,772,185012000,Google Ads,2025-10-25,Lucía mostró un fuerte interés inicial debido al alto volumen de desplazamientos y la necesidad urgente de optimizar costes de movilidad.,3,2025-11-05,11,3,Lucía mostró interés en una demostración para entender mejor la integración.,Agendar demo/reunión con especialista,"Agente: Hola Lucía, soy Laura. Espero que estés bien. Quería saber cómo te fue en la demo con Cristina.
Contacto: Hola Laura, fue muy útil. Cristina resolvió todas nuestras dudas sobre la integración y los costes.
Agente: Me alegro de oír eso. ¿Cómo quieres proceder ahora?
Contacto: Estamos listos para avanzar. Creemos que MoveUp es justo lo que necesitamos.
Agente: ¡Genial! Entonces, procedemos con la firma del contrato, ¿correcto?
Contacto: Sí, eso es. Envíanos el contrato para revisarlo y confirmarlo.
Agente: Perfecto, lo envío hoy mismo. Esperamos con interés trabajar con ustedes.
Contacto: Nosotros también. Gracias por toda tu ayuda, Laura.
Agente: Ha sido un placer, Lucía. Seguimos en contacto.",Se confirmó el interés y se avanzó con la firma del contrato.,Esperar confirmación cliente,Converted
2da08c6d-009,3372c9a1,Laura Fernández,Director General,Grupo Dynamics,Seguros,España,Sevilla,63,14502000,Partner comercial,2026-03-26,Laura mostró un leve interés inicial gracias a las recomendaciones de nuestro partner comercial.,1,2026-03-29,3,0,PRIMERA_LLAMADA,PRIMERA_LLAMADA,"Agente: Hola, Laura, soy Sofía Moreno de MoveUp. ¿Cómo estás?
Contacto: Hola, Sofía. Estoy bien, gracias. ¿En qué puedo ayudarte?
Agente: Quería hablar sobre cómo MoveUp puede optimizar la movilidad corporativa para el Grupo Dynamics. ¿Cómo gestionan actualmente sus viajes?
Contacto: Usamos un proveedor local que ha funcionado bien hasta ahora.
Agente: Entiendo. Con MoveUp, podrías tener más control y transparencia sobre los gastos de viaje. ¿Cuántos viajes realizan mensualmente?
Contacto: Aproximadamente unos 100 viajes al mes.
Agente: Con ese volumen, podríamos ofrecerte un plan personalizado que se ajuste a tu presupuesto.
Contacto: El presupuesto es un tema delicado en estos momentos, así que tendría que ser algo muy competitivo.
Agente: Claro, puedo enviar una propuesta detallada. ¿Te gustaría que agendemos una reunión con mi especialista, Elena Navarro, para que te explique más sobre las ventajas?
Contacto: Déjame pensarlo, no estoy segura si podemos dedicar tiempo a esto ahora.
Agente: Entiendo, ¿te parece bien si te envío más información y luego vemos cómo proceder?
Contacto: Sí, eso estaría bien.
Agente: Perfecto, te enviaré la documentación hoy mismo. Gracias por tu tiempo, Laura.
Contacto: Gracias a ti, Sofía.",Laura expresó dudas debido a restricciones presupuestarias y parecía indiferente sobre cambiar de proveedor. Se acordó enviar documentación adicional.,Enviar documentación,Lost
98c2b031-dd5,3372c9a1,Laura Fernández,Director General,Grupo Dynamics,Seguros,España,Sevilla,63,14502000,Partner comercial,2026-03-26,Laura mostró un leve interés inicial gracias a las recomendaciones de nuestro partner comercial.,2,2026-04-03,8,5,Laura expresó dudas debido a restricciones presupuestarias y parecía indiferente sobre cambiar de proveedor. Se acordó enviar documentación adicional.,Enviar documentación,"Agente: Hola, Laura. Soy Sofía de nuevo. Espero que estés bien.
Contacto: Hola, Sofía. Sí, todo bien, gracias.
Agente: Estoy siguiendo la documentación que te envié. ¿Pudiste revisarla?
Contacto: Sí, le eché un vistazo, pero como te mencioné, estamos en una reorganización interna y no es un buen momento para cambios.
Agente: Lo entiendo, aunque creo que nuestro servicio podría facilitar mucho la gestión durante la reorganización. ¿Hay alguna objeción específica que podamos abordar?
Contacto: Principalmente es el presupuesto y el hecho de que ya estamos cómodos con nuestro proveedor actual.
Agente: Entiendo, podría ofrecerte un período de prueba para que veas el valor de nuestro servicio sin compromiso.
Contacto: Aprecio la oferta, pero ahora mismo no creo que sea viable.
Agente: Claro, te agradezco la honestidad. Si en el futuro las circunstancias cambian, estaremos aquí para ayudarte.
Contacto: Muchas gracias, Sofía. Lo tendré en cuenta.
Agente: Gracias a ti, Laura. Que tengas un buen día.
Contacto: Igualmente, hasta luego.",Laura reafirmó las objeciones de presupuesto y preferencia por el proveedor actual. No mostró interés en un período de prueba. Lead cerrado como no interesado.,Cerrar lead - no interesado,Lost
f89caa4e-a79,edb6994b,Fernando Pérez,Jefe de Proyectos,Tech Networks,Farmacéutica,España,Las Palmas,35,7885000,Google Ads,2025-12-19,Tech Networks mostró interés inicial en explorar opciones más eficientes de movilidad corporativa debido a un aumento reciente en los viajes de sus empleados.,1,2025-12-20,1,0,PRIMERA_LLAMADA,PRIMERA_LLAMADA,"Agente: Hola, Fernando, soy Ana Ruiz de MoveUp. ¿Cómo estás hoy?
Contacto: Hola, Ana. Bien, gracias. ¿En qué puedo ayudarte?
Agente: Te llamo porque vi que mostraste interés en nuestros servicios de movilidad corporativa. Quería entender un poco más sobre tus necesidades actuales.
Contacto: Bueno, tenemos algo de interés, pero ya trabajamos con otro proveedor.
Agente: Entiendo, ¿cuántos viajes suelen gestionar mensualmente?
Contacto: Aproximadamente unos 50, pero depende del mes.
Agente: Perfecto, nuestros servicios pueden ofrecerte una forma más eficiente y económica de gestionar esos viajes. ¿Sabes si hay planes de cambio o evaluación de proveedores?
Contacto: Por ahora no, estamos bastante a gusto con nuestro proveedor actual y con la situación económica preferimos no hacer cambios.
Agente: Claro, comprensible. Si te parece bien, puedo enviarte más información por si en algún momento decides evaluar otras opciones. ¿Te parece bien?
Contacto: Está bien, mándame la información por correo.
Agente: Perfecto, lo haré. Gracias por tu tiempo, Fernando.
Contacto: De nada, Ana.","Fernando mostró poco compromiso, señalando que ya tienen un proveedor y están satisfechos. Se acordó enviar más información por correo.",Enviar documentación,Lost
b1876e0e-060,edb6994b,Fernando Pérez,Jefe de Proyectos,Tech Networks,Farmacéutica,España,Las Palmas,35,7885000,Google Ads,2025-12-19,Tech Networks mostró interés inicial en explorar opciones más eficientes de movilidad corporativa debido a un aumento reciente en los viajes de sus empleados.,2,2025-12-25,6,5,"Fernando mostró poco compromiso, señalando que ya tienen un proveedor y están satisfechos. Se acordó enviar más información por correo.",Enviar documentación,"Agente: Hola, Fernando. Soy Ana Ruiz de nuevo. ¿Pudiste revisar la información que te envié?
Contacto: Hola, Ana. Sí, le eché un vistazo rápido, pero no creo que sea el momento adecuado para cambiar de proveedor.
Agente: Entiendo. ¿Hay algo específico en lo que podríamos mejorar para que sea más atractivo para ustedes?
Contacto: Principalmente es el presupuesto. Nuestra prioridad ahora es minimizar gastos y evitar contratos nuevos.
Agente: Comprendo, Fernando. También ofrecemos soluciones personalizadas que podrían ajustarse a vuestras necesidades actuales.
Contacto: Lo entiendo, pero como mencioné, estamos en medio de una reorganización interna y no queremos complicar más las cosas.
Agente: Está claro. Si necesitas más información en el futuro o si cambian las circunstancias, estaremos aquí para ayudarte.
Contacto: Gracias, Ana. Lo tendré en cuenta.
Agente: Gracias a ti. Cerraré el lead por ahora, pero si cambias de opinión, no dudes en contactar con nosotros.
Contacto: De acuerdo, gracias por tu comprensión.
Agente: Que tengas un buen día, Fernando.
Contacto: Igualmente, Ana.",Fernando reiteró que el presupuesto es una objeción fuerte y que no tienen interés en cambiar de proveedor en este momento. La llamada concluyó sin avanzar.,Cerrar lead - no interesado,Lost
404b645f-8ba,7553b882,Rafael Díaz,Director de Compras,Grupo Solutions,Alimentación,España,Palma,28,3261000,Partner comercial,2026-02-18,Rafael mostró un fuerte interés al mencionar que buscan optimizar los costes de movilidad debido a su crecimiento y alto volumen de desplazamientos.,1,2026-02-21,3,0,PRIMERA_LLAMADA,PRIMERA_LLAMADA,"Agente: Buenos días, Rafael. Soy Laura Gómez de MoveUp. Me comentaron que estás buscando mejorar la movilidad corporativa en Grupo Solutions.
Contacto: Hola, Laura. Así es, estamos creciendo y necesitamos una solución eficiente para nuestros desplazamientos.
Agente: Genial. ¿Cuántos viajes suelen realizar al mes?
Contacto: Aproximadamente unos 200, pero esperamos que aumenten.
Agente: Entiendo. ¿Tienen ya un presupuesto asignado para esto?
Contacto: Aún no hemos definido uno exacto, pero queremos reducir los costes actuales.
Agente: Perfecto, MoveUp puede ayudarles a optimizar esos gastos. ¿Cuándo sería conveniente para ti agendar una demo con nuestra especialista?
Contacto: Esta semana estamos un poco ocupados, ¿la próxima semana estaría bien?
Agente: Claro, puedo coordinar para la próxima semana. ¿Te parece el martes?
Contacto: Sí, el martes estaría perfecto.
Agente: Excelente, entonces programaré la demo para el martes con Elena Navarro, nuestra especialista. Te enviaré la confirmación por correo.
Contacto: Perfecto, gracias, Laura.
Agente: Gracias a ti, Rafael. Hablo contigo pronto.",Rafael expresó interés en una solución para reducir costes de movilidad. Se acordó agendar una demo con la especialista.,Agendar demo/reunión con especialista,Converted
c9348fc8-8c6,7553b882,Rafael Díaz,Director de Compras,Grupo Solutions,Alimentación,España,Palma,28,3261000,Partner comercial,2026-02-18,Rafael mostró un fuerte interés al mencionar que buscan optimizar los costes de movilidad debido a su crecimiento y alto volumen de desplazamientos.,2,2026-02-28,10,7,Rafael expresó interés en una solución para reducir costes de movilidad. Se acordó agendar una demo con la especialista.,Agendar demo/reunión con especialista,"Agente: Hola, Rafael. Espero que estés bien. Soy Laura de MoveUp. ¿Pudiste revisar la información que te enviamos?
Contacto: Hola, Laura. Sí, la revisé y me pareció muy interesante. La solución que ofrecen se ajusta a nuestras necesidades.
Agente: Me alegra escucharlo. ¿Cómo fue la demo con Elena?
Contacto: Fue excelente. Nos mostró cómo podríamos ahorrar un 15% en gastos mensuales.
Agente: ¡Qué bien! ¿Hay alguna objeción o duda que te gustaría discutir antes de seguir adelante?
Contacto: No, realmente estamos decididos. Solo necesitamos el contrato para revisión.
Agente: Perfecto, te lo enviaré de inmediato. ¿Tienen alguna fecha límite para la implementación?
Contacto: Lo ideal sería comenzar el próximo mes.
Agente: Genial. Entonces, te envío el contrato hoy mismo para que puedan revisarlo y si todo está en orden, podemos firmarlo esta semana.
Contacto: Perfecto, quedo atento al contrato.
Agente: Excelente, Rafael. Te lo envío en unos momentos. ¡Gracias por tu tiempo!
Contacto: Gracias a ti, Laura.",La empresa mostró satisfacción con la demo y están listos para proceder con el contrato. Se espera confirmación de firma.,Esperar confirmación cliente,Converted
47ab94b6-7e6,05d17a09,Carlos López,Responsable de Flota,Max Consulting,Retail,España,Zaragoza,9470,2692190000,Email marketing,2025-11-26,Carlos mostró interés inicial en reducir costes de movilidad debido al alto volumen de desplazamientos de su personal.,1,2025-11-27,1,0,PRIMERA_LLAMADA,PRIMERA_LLAMADA,"Agente: Hola Carlos, soy Sofía Moreno de MoveUp, ¿cómo estás?
Contacto: Hola Sofía, muy bien, gracias. Estaba esperando tu llamada.
Agente: Genial. Me gustaría entender un poco más sobre vuestros desafíos actuales con la movilidad.
Contacto: Claro, tenemos un gran volumen de desplazamientos y los costes se están disparando. Necesitamos una solución pronto.
Agente: Entiendo. ¿Podrías darme una idea del presupuesto que manejan actualmente para estos servicios?
Contacto: Está en torno a los 2 millones anuales, pero queremos optimizar eso.
Agente: Perfecto, nuestro servicio podría ayudar a reducir esos costes significativamente. ¿Cuánto urgencia tienen en implementar una solución?
Contacto: Muy alta, idealmente antes del próximo trimestre.
Agente: Excelente, creo que podríamos ofrecerte algo que se ajuste a tus necesidades. ¿Te parece si agendamos una demo con nuestra especialista, Cristina Vera?
Contacto: Me parece perfecto, ¿cuándo podríamos hacerlo?
Agente: Voy a coordinar con Cristina y te enviaré un email con las opciones. ¿Te parece bien?
Contacto: Sí, perfecto. Espero tu correo.
Agente: Genial, muchas gracias Carlos.
Contacto: Gracias a ti, Sofía.",Carlos expresó una alta urgencia para encontrar una solución de movilidad y se interesó en agendar una demo con la especialista.,Agendar demo/reunión con especialista,Converted
e6b889bb-fa1,05d17a09,Carlos López,Responsable de Flota,Max Consulting,Retail,España,Zaragoza,9470,2692190000,Email marketing,2025-11-26,Carlos mostró interés inicial en reducir costes de movilidad debido al alto volumen de desplazamientos de su personal.,2,2025-11-30,4,3,Carlos expresó una alta urgencia para encontrar una solución de movilidad y se interesó en agendar una demo con la especialista.,Agendar demo/reunión con especialista,"Agente: Hola Carlos, soy Sofía de nuevo, ¿cómo te va?
Contacto: Hola, Sofía. Todo bien, gracias. ¿Cómo van las cosas con la demo?
Agente: Ya tenemos la demo agendada para el viernes a las 11:00 con Cristina. ¿Ese horario te va bien?
Contacto: Sí, perfecto. Estaremos listos.
Agente: Excelente. Durante la demo, Cristina te mostrará cómo podemos reducir esos costes y mejorar la eficiencia de vuestros desplazamientos.
Contacto: Suena genial. Estamos muy interesados en ver el sistema en acción.
Agente: Me alegra escuchar eso. ¿Hay alguna otra preocupación o duda que tengas antes de la demo?
Contacto: No, por ahora no. Solo estamos ansiosos de ver cómo podríamos implementar esto rápidamente.
Agente: Seguro que podemos apoyarte en eso. Después de la demo, podemos proceder rápidamente con la implementación.
Contacto: Perfecto, estamos listos para movernos rápido.
Agente: Genial, gracias Carlos. Nos vemos el viernes en la demo.
Contacto: Gracias a ti, Sofía.",La demo fue agendada exitosamente y Carlos confirmó su disponibilidad e interés en avanzar rápidamente.,Esperar confirmación cliente,Converted
23a649f4-f5e,d6a4a565,Rafael Torres,CEO,Tech Networks,Automoción,España,Barcelona,17,2609000,LinkedIn,2025-12-16,"Rafael mostró un interés inicial en mejorar la eficiencia de los desplazamientos corporativos, pero mencionó que el presupuesto es ajustado.",1,2025-12-22,6,0,PRIMERA_LLAMADA,PRIMERA_LLAMADA,"Agente: Hola Rafael, soy Sofía Moreno de MoveUp. ¿Cómo estás?
Contacto: Hola Sofía, bien, gracias. ¿En qué puedo ayudarte?
Agente: Quería hablar sobre cómo MoveUp podría optimizar los viajes corporativos en Tech Networks. ¿Cómo gestionáis actualmente los desplazamientos?
Contacto: Ahora mismo trabajamos con una pequeña empresa local que nos da tarifas competitivas.
Agente: Entiendo. ¿Estáis abiertos a explorar opciones que puedan ofrecer mayor flexibilidad y reportes detallados?
Contacto: Podría ser, pero nuestro principal problema es el presupuesto ajustado.
Agente: Tenemos opciones que se adaptan a diferentes presupuestos y ofrecen un gran retorno. ¿Podríamos agendar una reunión con nuestra especialista?
Contacto: Creo que deberíamos esperar un poco más. Estamos evaluando nuestro presupuesto para este año.
Agente: Claro, puedo enviarte detalles que podrías revisar mientras tanto.
Contacto: Eso estaría bien.
Agente: Perfecto, te envío la documentación. ¿Hablamos en unos días?
Contacto: Sí, está bien.","Rafael mostró interés, pero mencionó restricciones presupuestarias.",Recontactar en X días,Lost
062fd3cf-83d,d6a4a565,Rafael Torres,CEO,Tech Networks,Automoción,España,Barcelona,17,2609000,LinkedIn,2025-12-16,"Rafael mostró un interés inicial en mejorar la eficiencia de los desplazamientos corporativos, pero mencionó que el presupuesto es ajustado.",2,2025-12-27,11,5,"Rafael mostró interés, pero mencionó restricciones presupuestarias.",Recontactar en X días,"Agente: Hola Rafael, soy Sofía nuevamente. ¿Tuviste la oportunidad de revisar los documentos que te envié?
Contacto: Hola Sofía, sí, los vi. Me pareció interesante, pero aún no veo claro el beneficio directo.
Agente: Comprendo. MoveUp facilita reportes detallados y control sobre los gastos de movilidad, lo que podría optimizar vuestros recursos.
Contacto: Ya, pero actualmente tenemos un proveedor con quien llevamos años y no estamos seguros de cambiar.
Agente: Sin embargo, podríamos ofrecer una prueba gratuita para que evaluéis el servicio sin compromiso.
Contacto: Lo pensaré, pero el equipo está bastante ocupado en este momento.
Agente: ¿Puedo agendar una reunión con nuestra especialista para resolver cualquier duda que tengáis?
Contacto: Creo que aún no es el momento adecuado.
Agente: De acuerdo, ¿te parece bien si te contacto en unas semanas?
Contacto: Sí, eso estaría bien.",Rafael se mostró escéptico debido a su actual proveedor y la carga de trabajo.,Recontactar en X días,Lost
ee3555db-cf4,d6a4a565,Rafael Torres,CEO,Tech Networks,Automoción,España,Barcelona,17,2609000,LinkedIn,2025-12-16,"Rafael mostró un interés inicial en mejorar la eficiencia de los desplazamientos corporativos, pero mencionó que el presupuesto es ajustado.",3,2026-01-10,25,14,Rafael se mostró escéptico debido a su actual proveedor y la carga de trabajo.,Recontactar en X días,"Agente: Hola Rafael, quería seguir con nuestra conversación sobre MoveUp. ¿Es un buen momento?
Contacto: Hola Sofía, la verdad es que estamos pasando por una reorganización interna y no podemos considerar cambios ahora.
Agente: Lo entiendo, estos procesos pueden ser complicados. ¿Hay alguna posibilidad de que volvamos a hablar cuando las cosas se estabilicen?
Contacto: Por ahora, preferiría no comprometernos a nada. El presupuesto también es un tema delicado en este momento.
Agente: Comprendo completamente. ¿Te gustaría que te mantuviéramos informado sobre futuras oportunidades o demos?
Contacto: Prefiero que no por ahora, pero gracias por la oferta.
Agente: Gracias por tu tiempo, Rafael. Si cambias de opinión, estaré aquí para ayudarte.
Contacto: Gracias Sofía, lo tendré en cuenta.","Rafael expresó que debido a una reorganización interna y problemas de presupuesto, no pueden avanzar.",Cerrar lead - no interesado,Lost
e6b23c9a-0b4,3a3d0b3b,David Serrano,COO,Grupo Solutions,Distribución,Argentina,Buenos Aires,30,5867000,Email marketing,2026-01-12,David mostró interés en conocer más sobre el servicio de movilidad corporativa para evaluar su implementación futura.,1,2026-01-15,3,0,PRIMERA_LLAMADA,PRIMERA_LLAMADA,"Agente: Hola, David, soy Diego López de MoveUp. ¿Cómo estás?
Contacto: Hola Diego, estoy bien, gracias. ¿Y tú?
Agente: Todo bien, gracias. Te contacté porque recibiste nuestro correo sobre el servicio de movilidad corporativa. ¿Tuviste oportunidad de revisarlo?
Contacto: Sí, lo revisé. Suena interesante, pero quiero entender mejor cómo podría ajustarse a nuestras necesidades.
Agente: Claro, ¿cuántos viajes estimas que podrían realizar mensualmente?
Contacto: Pensamos que podríamos estar alrededor de 50 viajes al mes, pero necesitamos evaluar el costo.
Agente: Entiendo. Nuestro servicio es bastante flexible y se adapta a diferentes volúmenes. Podemos ajustar el plan según necesiten.
Contacto: Perfecto, pero ahora mismo estamos viendo opciones y esperando la aprobación de nuestro presupuesto para el próximo trimestre.
Agente: Completamente comprensible. Puedo enviarte más información detallada para que la compares con otras propuestas. ¿Te gustaría?
Contacto: Sí, eso estaría bien. Me ayudaría a hacer un análisis más completo.
Agente: Perfecto, te enviaré la documentación adicional por correo. ¿Te parece bien si te contacto el próximo mes para saber si hay alguna novedad con el presupuesto?
Contacto: Claro, eso funcionaría.
Agente: Excelente, David. Cualquier otra cosa, no dudes en contactar. Gracias por tu tiempo.
Contacto: Gracias a ti, Diego. Hasta luego.",David está interesado en el servicio pero está esperando la aprobación del presupuesto. Solicita más información para comparar opciones.,Cerrar lead - nurturing,Nurturing
6888523b-584,d80014be,Alberto López,Head of Procurement,Tech Networks,Manufactura,España,Sevilla,10,2336000,Formulario web,2025-12-10,Tech Networks mostró interés en conocer los servicios de movilidad corporativa para mejorar su logística interna y busca comparar opciones.,1,2025-12-15,5,0,PRIMERA_LLAMADA,PRIMERA_LLAMADA,"Agente: Hola, Alberto. Soy Diego López de MoveUp. Gracias por contactarnos a través del formulario web. ¿En qué podemos ayudaros?
Contacto: Hola, Diego. Sí, estamos explorando opciones para mejorar la movilidad de nuestro equipo en Sevilla y queríamos conocer más sobre lo que ofrecéis.
Agente: Perfecto, entiendo. ¿Podrías decirme cuántos viajes realizáis al mes aproximadamente?
Contacto: Actualmente, estamos realizando unos 50 viajes mensuales.
Agente: Bien, nuestro servicio puede ajustarse a ese volumen. También ofrecemos planes personalizados. ¿Tenéis ya algún presupuesto asignado para esto?
Contacto: Todavía no tenemos un presupuesto definido, estamos en la fase de evaluación.
Agente: Comprendo. ¿Hay alguna urgencia o fecha límite para la implementación de este servicio?
Contacto: No, estamos en una etapa inicial y queremos ver todas las opciones antes de tomar una decisión.
Agente: Entiendo. Lo que puedo hacer es enviaros información detallada sobre nuestros servicios y, si lo deseas, agendar una reunión con nuestro especialista, Tomás Iglesias.
Contacto: Me parece bien recibir la información primero. Así puedo revisarla con calma y compartirla internamente.
Agente: Perfecto, te enviaré toda la documentación hoy mismo. ¿Te parece si hablamos de nuevo en unas semanas para ver cómo vais?
Contacto: Me parece bien, podemos hablar en unas dos semanas.
Agente: Genial, quedamos en contacto entonces. Que tengas un buen día, Alberto.
Contacto: Gracias, Diego. Igualmente.","Alberto mostró interés en recibir información sobre los servicios, pero no tiene prisa en la implementación. Acordaron un nuevo contacto en dos semanas.",Cerrar lead - nurturing,Nurturing
ed619322-74e,58c04ec2,Jorge Jiménez,Head of Procurement,Iberia Logistics,Consultoría IT,Portugal,Lisboa,1000,278444000,Partner comercial,2025-12-21,"Iberia Logistics mostró un inicial interés debido a la recomendación de un partner comercial, pero expresaron preocupaciones sobre el presupuesto.",1,2025-12-22,1,0,PRIMERA_LLAMADA,PRIMERA_LLAMADA,"Agente: Hola Jorge, ¿cómo estás hoy? Soy Carlos Martínez de MoveUp.
Contacto: Hola Carlos, bien, gracias. Cuéntame qué tienes para nosotros.
Agente: Bueno, como sabes, ofrecemos un servicio de movilidad corporativa que podría optimizar el transporte de tus empleados y, al mismo tiempo, reducir los costes.
Contacto: Entiendo, pero actualmente ya tenemos un proveedor y no hay mucha urgencia en cambiar.
Agente: Claro, entiendo. Me gustaría saber más sobre el volumen de viajes que tienen actualmente para ver si podríamos ofrecer una solución más competitiva.
Contacto: Hacemos unos 300 viajes al mes, pero como mencioné, nuestro proveedor actual nos satisface.
Agente: Comprendo. ¿Han tenido problemas recientes con el servicio actual?
Contacto: No, pero el desafío principal es que nuestro presupuesto es bastante ajustado este año.
Agente: Podríamos trabajar en una demo para mostrar cómo MoveUp podría ajustarse a sus necesidades presupuestarias.
Contacto: Agradezco la oferta, pero dadas las circunstancias actuales, no estamos interesados en explorar nuevos proveedores.
Agente: Entiendo, Jorge. En ese caso, ¿te parece bien si recontactamos en el futuro por si la situación cambia?
Contacto: Perfecto, podríamos hablar más adelante, pero no prometo nada.
Agente: De acuerdo, te agradezco el tiempo. Hablamos cuando sea posible.
Contacto: Gracias, Carlos.","Jorge mostró interés limitado debido a restricciones presupuestarias y lealtad a su proveedor actual, sin interés inmediato en cambiar.",Cerrar lead - no interesado,Lost
e3d337a3-5d1,ce85f7e1,Alejandro García,Responsable de Movilidad,Prime Services,Seguros,España,Sevilla,327,74117000,Partner comercial,2025-10-24,Alejandro mostró interés desde el principio debido al alto volumen de desplazamientos de la empresa y la necesidad de reducir costes de movilidad.,1,2025-10-29,5,0,PRIMERA_LLAMADA,PRIMERA_LLAMADA,"Agente: Hola Alejandro, soy Pablo Fernández de MoveUp. ¿Cómo estás hoy?
Contacto: Hola Pablo, muy bien, gracias. Justo estaba revisando nuestras necesidades de movilidad.
Agente: Perfecto, entiendo que Prime Services tiene un volumen alto de desplazamientos. ¿Podrías contarme un poco más sobre eso?
Contacto: Claro, estamos creciendo rápidamente y necesitamos una solución para gestionar mejor los costes de movilidad.
Agente: Entiendo, y ¿qué presupuesto tienen asignado actualmente para esto?
Contacto: Actualmente estamos en unos 120,000 € anuales, pero estamos buscando optimizar.
Agente: Perfecto, creo que MoveUp podría ayudar mucho con eso. ¿Te gustaría que te enviáramos más información sobre cómo funciona nuestro servicio?
Contacto: Sí, por favor, envíame toda la documentación disponible.
Agente: Claro, lo haré de inmediato.
Contacto: Muchas gracias, Pablo.
Agente: A ti, Alejandro. Estamos en contacto.",Alejandro mostró interés en optimizar costes y solicitó documentación sobre el servicio.,Enviar documentación,Converted
a0860fa1-a65,ce85f7e1,Alejandro García,Responsable de Movilidad,Prime Services,Seguros,España,Sevilla,327,74117000,Partner comercial,2025-10-24,Alejandro mostró interés desde el principio debido al alto volumen de desplazamientos de la empresa y la necesidad de reducir costes de movilidad.,2,2025-11-01,8,3,Alejandro mostró interés en optimizar costes y solicitó documentación sobre el servicio.,Enviar documentación,"Agente: Hola Alejandro, soy Pablo de MoveUp. ¿Pudiste revisar la documentación que te envié?
Contacto: Hola Pablo, sí, la revisé y parece muy interesante. Queremos hacerlo cuanto antes.
Agente: Excelente, ¿te gustaría agendar una demo con nuestro especialista, Roberto Sánchez?
Contacto: Sí, sería ideal. Queremos ver cómo se adaptaría a nuestras operaciones.
Agente: Perfecto, te agendo para el próximo jueves a las 10 de la mañana.
Contacto: Genial, espero esa demo con Roberto entonces.
Agente: Perfecto, Alejandro. Cualquier cosa, estoy disponible. Hasta entonces.
Contacto: Hasta luego, Pablo.",Alejandro revisó la documentación y se mostró interesado en avanzar con una demo del servicio.,Agendar demo/reunión con especialista,Converted
1da7a6c9-ea5,ce85f7e1,Alejandro García,Responsable de Movilidad,Prime Services,Seguros,España,Sevilla,327,74117000,Partner comercial,2025-10-24,Alejandro mostró interés desde el principio debido al alto volumen de desplazamientos de la empresa y la necesidad de reducir costes de movilidad.,3,2025-11-08,15,7,Alejandro revisó la documentación y se mostró interesado en avanzar con una demo del servicio.,Agendar demo/reunión con especialista,"Agente: Hola Alejandro, ¿cómo estás? Aquí Pablo de nuevo.
Contacto: Hola Pablo, muy bien, la demo con Roberto fue muy útil.
Agente: Me alegra oír eso. ¿Ves viable implementar MoveUp en Prime Services?
Contacto: Sí, estamos listos para seguir adelante y firmar el contrato.
Agente: Excelente noticia, entonces procederemos con las formalidades. ¿Te parece bien si cerramos esto esta semana?
Contacto: Sí, por favor. Esperamos empezar pronto.
Agente: Perfecto, te enviaré el contrato para que lo revises y procedamos con la firma.
Contacto: Gracias, Pablo. Esperamos trabajar con ustedes.
Agente: Igualmente, Alejandro. Un placer.
Contacto: Hasta pronto.",Alejandro confirmó que están listos para firmar el contrato y continuar con la implementación de MoveUp.,Esperar confirmación cliente,Converted
b416d18d-45b,9a1abfd9,Marta Martínez,COO,Alpha Solutions,Automoción,España,Córdoba,5901,1234465000,Inbound / Blog,2026-01-19,El interés inicial del lead surgió tras leer un artículo en el blog sobre optimización de costos en la movilidad corporativa.,1,2026-01-26,7,0,PRIMERA_LLAMADA,PRIMERA_LLAMADA,"Agente: Hola, Marta. Soy Carlos Martínez de MoveUp. ¿Cómo estás?
Contacto: Hola, Carlos. Bien, gracias. ¿Y tú?
Agente: Muy bien, gracias. Vi que descargaste nuestro ebook sobre optimización de costos en movilidad. ¿Qué te pareció?
Contacto: Interesante, pero en Alpha Solutions ya tenemos un proveedor para esos servicios.
Agente: Entiendo. Nuestro servicio se enfoca mucho en la reducción de costos y la eficiencia. ¿Cuántos viajes al mes gestionan actualmente?
Contacto: Alrededor de 200.
Agente: Podríamos ofrecerte una demostración para que veas cómo podríamos mejorar esos procesos y ahorrar.
Contacto: Honestamente, ahora mismo no estamos buscando cambiar de proveedor.
Agente: Comprendo. ¿Te gustaría recibir más información por si algo cambia?
Contacto: Sí, envíame la información por correo.
Agente: Perfecto, te la enviaré. Muchas gracias por tu tiempo, Marta.
Contacto: Gracias a ti, Carlos.","Marta expresó que ya tienen un proveedor y no están interesados en cambiar, pero aceptó recibir más información.",Enviar documentación,Lost
2a480e37-758,9a1abfd9,Marta Martínez,COO,Alpha Solutions,Automoción,España,Córdoba,5901,1234465000,Inbound / Blog,2026-01-19,El interés inicial del lead surgió tras leer un artículo en el blog sobre optimización de costos en la movilidad corporativa.,2,2026-02-05,17,10,"Marta expresó que ya tienen un proveedor y no están interesados en cambiar, pero aceptó recibir más información.",Enviar documentación,"Agente: Hola, Marta. Soy Carlos de nuevo, ¿cómo estás?
Contacto: Hola, Carlos. Estoy bien, gracias.
Agente: Espero que la documentación fuera útil. ¿Pudiste revisarla?
Contacto: Sí, la revisé, pero ahora mismo no estamos en situación de contemplar un cambio.
Agente: Entiendo. Solo quería asegurarme de que tuvieras toda la información. ¿Quieres que agendemos una reunión con nuestro especialista, Roberto, para discutir cualquier duda?
Contacto: No, realmente no es necesario ahora, Carlos. Estamos en medio de una reorganización interna y cualquier decisión se ha pospuesto.
Agente: Comprendo. ¿Te gustaría que recontactáramos en unos meses?
Contacto: Preferiría que no por ahora. Si algo cambia, te lo haré saber.
Agente: De acuerdo, Marta. Aprecio tu sinceridad. Si hay algo más en lo que pueda ayudar, por favor, dime.
Contacto: Gracias, Carlos.",Marta confirmó que no están interesados debido a la reorganización interna y prefirió no ser contactada nuevamente.,Cerrar lead - no interesado,Lost
1aef4aac-6df,dade4172,Isabel Moreno,Head of Procurement,Prime Logistics,Turismo y Hostelería,España,Palma,550,81729000,Referencia de cliente,2025-11-01,Isabel mostró un gran interés en nuestros servicios debido al crecimiento de la empresa y la necesidad de reducir costes de movilidad.,1,2025-11-02,1,0,PRIMERA_LLAMADA,PRIMERA_LLAMADA,"Agente: Hola Isabel, soy Marta Díaz de MoveUp. Me comentó un cliente que estás interesada en optimizar la movilidad corporativa de tu empresa.
Contacto: Hola Marta, sí, justamente estamos buscando soluciones porque estamos creciendo mucho y el volumen de desplazamientos se ha incrementado.
Agente: ¿Cuántos desplazamientos aproximadamente gestionáis al mes?
Contacto: Alrededor de 300, y esperamos que aumente en los próximos meses.
Agente: Entiendo. MoveUp podría ayudar a reducir significativamente los costes. ¿Hay algún presupuesto establecido para este proyecto?
Contacto: Todavía estamos evaluando, pero la urgencia es alta.
Agente: Perfecto, ¿te gustaría que organicemos una demostración para que veas cómo funciona el servicio?
Contacto: Sí, eso me vendría muy bien.
Agente: Genial, te enviaré la documentación preliminar y coordinamos la demo.
Contacto: Perfecto, gracias Marta.
Agente: Gracias a ti, Isabel. Te enviaré un correo con los detalles.",Isabel mostró interés y se acordó enviar documentación y coordinar una demostración.,Enviar documentación,Converted
2e327e0e-b2b,dade4172,Isabel Moreno,Head of Procurement,Prime Logistics,Turismo y Hostelería,España,Palma,550,81729000,Referencia de cliente,2025-11-01,Isabel mostró un gran interés en nuestros servicios debido al crecimiento de la empresa y la necesidad de reducir costes de movilidad.,2,2025-11-05,4,3,Isabel mostró interés y se acordó enviar documentación y coordinar una demostración.,Enviar documentación,"Agente: Hola Isabel, soy Marta nuevamente. Quería confirmar si recibiste la documentación que te envié y ver si podemos coordinar la demo con Elena Navarro, nuestra especialista.
Contacto: Hola Marta, sí, recibí todo. La documentación es clara y me gustaría avanzar con la demo.
Agente: Perfecto, Elena está disponible esta semana para una reunión virtual. ¿Qué te parece el jueves a las 10 a.m.?
Contacto: El jueves a esa hora está bien.
Agente: Excelente. Entonces agendamos para el jueves a las 10 a.m. ¿Hay algo más que te gustaría discutir antes de la demo?
Contacto: No, estoy lista para la demo.
Agente: Estupendo, Isabel. Nos vemos el jueves.
Contacto: Gracias, Marta. Hasta el jueves.",Se agendó una reunión virtual para una demostración con la especialista Elena Navarro.,Agendar demo/reunión con especialista,Converted
646eb489-99d,dade4172,Isabel Moreno,Head of Procurement,Prime Logistics,Turismo y Hostelería,España,Palma,550,81729000,Referencia de cliente,2025-11-01,Isabel mostró un gran interés en nuestros servicios debido al crecimiento de la empresa y la necesidad de reducir costes de movilidad.,3,2025-11-07,6,2,Se agendó una reunión virtual para una demostración con la especialista Elena Navarro.,Agendar demo/reunión con especialista,"Agente: Hola Isabel, ¿cómo estás? Aquí Marta, llamando después de la demo con Elena. ¿Qué te pareció?
Contacto: Hola Marta, realmente nos encantó. El sistema es justo lo que necesitamos para manejar nuestros desplazamientos.
Agente: Me alegra escuchar eso. ¿Hay alguna duda o inquietud que quieras discutir?
Contacto: No, todo está claro. Solo necesitamos confirmar internamente, pero queremos avanzar con ustedes.
Agente: Excelente. Una vez que confirmes, podemos proceder con la implementación. ¿Cuándo crees que tendrás esa confirmación?
Contacto: Mañana tendré la reunión final y te confirmaré.
Agente: Perfecto, Isabel. Quedo atenta a tu confirmación.
Contacto: Gracias, Marta. Estoy muy emocionada de trabajar con MoveUp.
Agente: Gracias a ti, Isabel. ¡Hablamos pronto!",Isabel quedó satisfecha con la demo y está lista para confirmar la colaboración después de una reunión interna.,Esperar confirmación cliente,Converted
a2f38647-a78,4197c3a6,Cristina Díaz,CEO,Max Logistics,Consultoría IT,España,Zaragoza,937,261787000,Google Ads,2025-12-13,"Cristina Díaz mostró un interés inicial por explorar opciones de movilidad corporativa, pero tenía reservas debido a presupuestos limitados.",1,2025-12-17,4,0,PRIMERA_LLAMADA,PRIMERA_LLAMADA,"Agente: Hola, Cristina, soy Pablo Fernández de MoveUp. ¿Cómo estás hoy?
Contacto: Hola, Pablo. Bien, gracias. Estoy un poco ocupada, pero puedo atenderte unos minutos.
Agente: Perfecto. Me gustaría hablar sobre cómo MoveUp podría optimizar la movilidad corporativa en Max Logistics. ¿Tienen algún volumen de viajes específico al mes?
Contacto: Actualmente estamos gestionando unos 150 viajes al mes con nuestro proveedor actual.
Agente: Entiendo. Nuestro servicio podría ofrecer tarifas competitivas y un sistema de gestión centralizada. ¿Qué presupuesto tienen previsto para esto?
Contacto: Sinceramente, nuestro presupuesto es bastante ajustado este año debido a la reorganización interna.
Agente: Comprendo. Podemos trabajar juntos para encontrar una solución que se adapte a sus restricciones presupuestarias. ¿Podríamos agendar una reunión con nuestro especialista, Tomás Iglesias, para discutir esto más a fondo?
Contacto: Lo siento, pero no creo que ahora sea el mejor momento. Estamos en una fase de reestructuración.
Agente: Claro, lo entiendo. ¿Te gustaría que te enviáramos información adicional por correo electrónico?
Contacto: Ahora mismo prefiero no comprometerme a nada. Gracias por entender.
Agente: Por supuesto, Cristina. Si cambias de opinión, estaré aquí para ayudarte. Gracias por tu tiempo.
Contacto: Gracias a ti, Pablo. Que tengas un buen día.",Cristina expresó preocupaciones sobre el presupuesto y la reorganización interna. Mostró poco interés en continuar la conversación.,Cerrar lead - no interesado,Lost
171fa441-174,43412aae,Rafael Rodríguez,CEO,Iberia Consulting,Alimentación,España,Valladolid,156,12907000,Referencia de cliente,2025-12-11,Rafael mostró interés en optimizar el transporte corporativo para aumentar la eficiencia y reducir costos. Le gustó que MoveUp ya colabore con empresas del mismo sector.,1,2025-12-18,7,0,PRIMERA_LLAMADA,PRIMERA_LLAMADA,"Agente: Hola Rafael, soy Javier Torres de MoveUp, ¿cómo estás?
Contacto: Hola Javier, bien, gracias. Estaba esperando tu llamada.
Agente: Excelente. Me encantaría discutir cómo podemos ayudar a Iberia Consulting con nuestras soluciones de movilidad. ¿Qué te ha comentado nuestro cliente en común?
Contacto: Me dijeron que han reducido sus costos de transporte considerablemente y que el servicio es muy fiable.
Agente: Así es. Queremos ofrecerte un servicio personalizado. ¿Cuántos viajes estimas que hace tu equipo al mes?
Contacto: Aproximadamente unos 300 viajes al mes.
Agente: Perfecto, con ese volumen, podríamos ofrecerte un paquete muy competitivo. ¿Tienes un presupuesto específico en mente?
Contacto: Estamos buscando reducir gastos, así que cualquier propuesta que logre eso será bienvenida.
Agente: Definitivamente. ¿Te gustaría que organizáramos una demo para que veas cómo funciona todo?
Contacto: Sí, creo que sería útil.
Agente: Excelente, ¿qué te parece si coordinamos una demo con nuestro especialista para la próxima semana?
Contacto: Me parece bien, estoy disponible el jueves.
Agente: Perfecto, coordinaré con Tomás Iglesias para esa fecha.
Contacto: Gracias, Javier.
Agente: A ti, Rafael. Estaremos en contacto.",Se discutieron los beneficios del servicio y se confirmó una demo con el especialista.,Agendar demo/reunión con especialista,In Progress
42e6559f-3c9,43412aae,Rafael Rodríguez,CEO,Iberia Consulting,Alimentación,España,Valladolid,156,12907000,Referencia de cliente,2025-12-11,Rafael mostró interés en optimizar el transporte corporativo para aumentar la eficiencia y reducir costos. Le gustó que MoveUp ya colabore con empresas del mismo sector.,2,2025-12-25,14,7,Se discutieron los beneficios del servicio y se confirmó una demo con el especialista.,Agendar demo/reunión con especialista,"Agente: Hola Rafael, soy Javier de nuevo. ¿Cómo ha estado?
Contacto: Hola Javier, bien, gracias. Estuvimos revisando la información que nos enviaste.
Agente: Genial. ¿Qué te pareció la demo con Tomás? 
Contacto: La demo fue muy completa y creo que puede ser una buena solución para nosotros, pero necesitamos más detalles sobre la implementación y los términos del contrato.
Agente: Claro, entiendo. Puedo enviarte más documentación al respecto. ¿Hay algo más que necesites aclarar por ahora?
Contacto: Nos gustaría saber si es posible tener un periodo de prueba antes de formalizar.
Agente: Sí, podemos organizar un periodo de prueba para que evalúes el servicio. ¿Cuánto tiempo considerarías adecuado?
Contacto: Un mes de prueba estaría bien.
Agente: Perfecto, puedo gestionarlo. También, ¿ahora está interesado en revisar una propuesta formal?
Contacto: Sí, eso sería ideal, pero necesito discutirlo internamente antes de darte una respuesta final.
Agente: Entendido, Rafael. Esperamos tu confirmación. Estamos aquí para cualquier consulta adicional.
Contacto: Gracias, Javier. Estaremos en contacto pronto.
Agente: Perfecto, que tengas un buen día.","Rafael expresó interés después de la demo, pero solicitó más detalles y un periodo de prueba antes de avanzar.",Esperar confirmación cliente,In Progress
6211b014-fbb,141b3548,Javier Vega,Director de Operaciones,Iberia Partners,Construcción,España,Madrid,6562,1164787000,Partner comercial,2026-01-03,La empresa muestra un gran interés en MoveUp debido a su rápido crecimiento y la necesidad urgente de reducir costes de movilidad.,1,2026-01-06,3,0,PRIMERA_LLAMADA,PRIMERA_LLAMADA,"Agente: Hola, Javier. Soy Carlos Martínez de MoveUp. Me comentaron que están buscando soluciones para optimizar los costes de movilidad.
Contacto: Hola, Carlos. Así es, estamos viendo un incremento en el volumen de desplazamientos y necesitamos una solución eficiente.
Agente: Entiendo. ¿Podrías darme una idea del volumen de viajes que realizan actualmente?
Contacto: Claro, estamos hablando de unos 300 desplazamientos mensuales, y proyectamos que este volumen aumentará en los próximos meses.
Agente: Perfecto, creo que MoveUp podría ser una gran opción para ustedes. ¿Cuál es el principal reto que enfrentan ahora mismo?
Contacto: Principalmente es la gestión de costes. Queremos mantener los gastos bajo control mientras seguimos creciendo.
Agente: Comprendo. ¿Tienen algún plazo para implementar una nueva solución?
Contacto: Nos gustaría hacerlo lo antes posible, en las próximas semanas si es posible.
Agente: Excelente. Podría enviarte más información detallada sobre nuestro servicio. ¿Te parece bien?
Contacto: Sí, por favor.
Agente: Genial, te enviaré la documentación hoy mismo.
Contacto: Perfecto, gracias, Carlos.",Javier mostró un interés inicial fuerte y busca una solución rápida debido al alto volumen de desplazamientos.,Enviar documentación,Converted
49188170-8cf,141b3548,Javier Vega,Director de Operaciones,Iberia Partners,Construcción,España,Madrid,6562,1164787000,Partner comercial,2026-01-03,La empresa muestra un gran interés en MoveUp debido a su rápido crecimiento y la necesidad urgente de reducir costes de movilidad.,2,2026-01-11,8,5,Javier mostró un interés inicial fuerte y busca una solución rápida debido al alto volumen de desplazamientos.,Enviar documentación,"Agente: Hola Javier, espero que hayas podido revisar la documentación que te envié.
Contacto: Hola Carlos, sí, la revisamos y parece muy interesante.
Agente: Me alegra escuchar eso. ¿Hay alguna duda o aspecto que te gustaría discutir más a fondo?
Contacto: Sí, me gustaría saber más sobre cómo gestionaríamos los presupuestos mensuales con MoveUp.
Agente: Claro, tenemos varias opciones de control presupuestario que podemos personalizar según sus necesidades. ¿Te gustaría una reunión con nuestro especialista para discutir detalles técnicos?
Contacto: Sí, creo que sería muy útil. ¿Cuándo podríamos agendarla?
Agente: Puedo coordinar una reunión con Roberto Sánchez, nuestro especialista. ¿Te vendría bien el jueves a las 10 AM?
Contacto: Me parece perfecto.
Agente: Excelente, entonces te enviaré una invitación para la reunión.
Contacto: Gracias, Carlos.
Agente: A ti, Javier.",Javier revisó la documentación y está interesado en discutir opciones de presupuesto en una reunión con el especialista.,Agendar demo/reunión con especialista,Converted
a3b15f84-289,141b3548,Javier Vega,Director de Operaciones,Iberia Partners,Construcción,España,Madrid,6562,1164787000,Partner comercial,2026-01-03,La empresa muestra un gran interés en MoveUp debido a su rápido crecimiento y la necesidad urgente de reducir costes de movilidad.,3,2026-01-14,11,3,Javier revisó la documentación y está interesado en discutir opciones de presupuesto en una reunión con el especialista.,Agendar demo/reunión con especialista,"Agente: Hola Javier, ¿cómo estás? ¿Cómo fue la reunión con Roberto?
Contacto: Hola Carlos, la reunión fue muy informativa. Roberto respondió a todas nuestras preguntas.
Agente: Me alegro de que fuera útil. ¿Crees que MoveUp puede ser la solución adecuada para vuestra empresa?
Contacto: Sí, definitivamente. Estamos listos para proceder con la implementación.
Agente: ¡Excelente! Entonces, procederé a preparar el contrato para que lo revisen.
Contacto: Perfecto, esperamos los documentos para firmar.
Agente: Estupendo, Javier. ¿Hay algo más en lo que pueda asistirte hoy?
Contacto: No, eso sería todo. Gracias por tu ayuda, Carlos.
Agente: A ti por la confianza. Quedo atento a cualquier otra cosa que necesites.
Contacto: Gracias, hasta luego.
Agente: Hasta luego, Javier.",Javier confirmó su interés en MoveUp y está listo para proceder con la firma del contrato.,Esperar confirmación cliente,Converted
d8cf94fe-8ad,b3dd94be,Fernando Ruiz,Responsable de Flota,Pro Innovations,Servicios Financieros,España,Las Palmas,3565,341816000,Feria o evento,2025-11-27,"Fernando mostró un interés inicial debido a las capacidades de optimización de flota que ofrece MoveUp, pero tenía dudas sobre el presupuesto y ya trabajan con otro proveedor.",1,2025-12-01,4,0,PRIMERA_LLAMADA,PRIMERA_LLAMADA,"Agente: Hola Fernando, soy Diego López de MoveUp. ¿Cómo estás?
Contacto: Hola Diego, bien, gracias. ¿En qué puedo ayudarte?
Agente: Quería hablar sobre cómo MoveUp podría optimizar la gestión de la flota en Pro Innovations. Podríamos ofrecer un servicio más eficiente.
Contacto: Entiendo, pero actualmente estamos satisfechos con nuestro proveedor actual y nuestro presupuesto está algo ajustado.
Agente: Comprendo, ¿hay alguna posibilidad de revisar en qué aspectos podemos hacer la diferencia con respecto a su proveedor actual?
Contacto: En este momento, estamos enfocados en otras prioridades debido a una reorganización interna de la empresa.
Agente: ¿Hay algún aspecto específico de la gestión de flota que creas que podríamos mejorar?
Contacto: Honestamente, no tenemos planes de cambiar nuestro sistema actual pronto.
Agente: Está bien, Fernando. Si las circunstancias cambian, estaré encantado de discutirlo más a fondo.
Contacto: Claro, te agradezco el interés, Diego.
Agente: Gracias por tu tiempo, Fernando. Te deseo un buen día.
Contacto: Igualmente, adiós.","Fernando expresó que Pro Innovations está satisfecho con su proveedor actual y que su presupuesto está ajustado, junto con problemas de reorganización interna.",Cerrar lead - no interesado,Lost
d2fca2e3-1ba,1c587b60,David Torres,Jefe de Proyectos,Smart Networks,Distribución,España,Madrid,25,3361000,Feria o evento,2026-01-05,David mostró interés en optimizar el transporte corporativo tras conocer nuestro servicio en una feria reciente.,1,2026-01-10,5,0,PRIMERA_LLAMADA,PRIMERA_LLAMADA,"Agente: Hola David, soy Diego López de MoveUp. ¿Cómo estás?
Contacto: Hola Diego, muy bien, gracias. He estado revisando vuestro servicio desde la feria.
Agente: ¡Genial! Quería saber un poco más sobre vuestras necesidades. ¿Cuántos viajes realizan aproximadamente al mes?
Contacto: Actualmente, unas 150 salidas, pero esperamos crecer.
Agente: Perfecto, podemos manejar ese volumen y adaptarnos al crecimiento. ¿Hay algún aspecto específico que te preocupe?
Contacto: Quisiera saber más sobre cómo integráis la facturación con nuestras herramientas.
Agente: Claro, podemos ofrecer una integración directa con varios sistemas. ¿Puedo enviarte más información sobre esto?
Contacto: Sí, por favor, también sería útil ver ejemplos de otras empresas del sector.
Agente: Perfecto, te lo enviaré hoy mismo. Cualquier otra pregunta por ahora?
Contacto: No, eso sería todo por el momento.
Agente: Estupendo, estaré atento a tus comentarios. Gracias por tu tiempo, David.
Contacto: Gracias a ti, Diego.",David se mostró interesado en conocer más sobre la integración de facturación y pidió ejemplos de casos de clientes.,Enviar documentación,In Progress
321b5a9f-b93,1c587b60,David Torres,Jefe de Proyectos,Smart Networks,Distribución,España,Madrid,25,3361000,Feria o evento,2026-01-05,David mostró interés en optimizar el transporte corporativo tras conocer nuestro servicio en una feria reciente.,2,2026-01-13,8,3,David se mostró interesado en conocer más sobre la integración de facturación y pidió ejemplos de casos de clientes.,Enviar documentación,"Agente: Hola David, soy Diego otra vez. ¿Tuviste oportunidad de revisar la documentación que te envié?
Contacto: Hola Diego, sí, la revisé y tengo algunas dudas. ¿Podríamos hacer una demo con nuestro equipo?
Agente: Por supuesto, podemos agendar una demo con Roberto Sánchez, nuestro especialista. ¿Te viene bien esta semana?
Contacto: Sí, creo que sería perfecto. Preferiría ver cómo podemos personalizar el servicio a nuestras necesidades específicas.
Agente: Entendido, Roberto tiene experiencia en personalizar soluciones. ¿Qué día te vendría mejor para la demo?
Contacto: El jueves estaría bien, por la mañana.
Agente: Perfecto, agendamos para el jueves a las 10 AM entonces. Roberto te guiará a través de todo.
Contacto: Genial, espero que con esto podamos avanzar rápidamente.
Agente: Estoy seguro de que sí. ¡Nos vemos el jueves!
Contacto: Gracias, Diego. Hasta entonces.","David mostró interés en una demo para su equipo, pidiendo personalización del servicio.",Agendar demo/reunión con especialista,In Progress
9ab0273b-c82,770cb452,Roberto Pérez,Gerente de Administración,Pro Solutions,Salud,España,Bilbao,21,3134000,Llamada en frío,2025-12-31,"Roberto mostró interés en mejorar la eficiencia y control de los traslados corporativos, buscando una solución más estructurada.",1,2026-01-03,3,0,PRIMERA_LLAMADA,PRIMERA_LLAMADA,"Agente: Hola, Roberto. Soy Sofía Moreno de MoveUp. ¿Cómo estás?
Contacto: Hola Sofía, bien gracias. ¿En qué puedo ayudarte?
Agente: Me gustaría hablar sobre cómo MoveUp puede facilitar la movilidad de tu equipo. Mencionaste que buscan reducir costos y mejorar el control de traslados, ¿correcto?
Contacto: Sí, estamos explorando opciones, especialmente con nuestro volumen de viajes mensuales.
Agente: Entiendo. ¿Cuántos traslados realizan aproximadamente al mes?
Contacto: Alrededor de 150, pero estamos creciendo, así que esperamos más.
Agente: Perfecto, MoveUp puede ofrecerte un sistema centralizado con reportes detallados para optimizar esos viajes.
Contacto: Suena interesante, pero necesito más detalles, especialmente sobre la integración con nuestros procesos actuales.
Agente: Claro, podría enviarte una propuesta con toda la información detallada. ¿Te parece bien?
Contacto: Sí, eso ayudaría mucho.
Agente: Excelente, entonces te enviaré la documentación hoy mismo.
Contacto: Perfecto, estaré pendiente.
Agente: Gracias, Roberto. Hablamos pronto.",Roberto expresó interés en la propuesta de MoveUp y solicitó más información detallada sobre la integración.,Enviar documentación,In Progress
21574938-aa3,770cb452,Roberto Pérez,Gerente de Administración,Pro Solutions,Salud,España,Bilbao,21,3134000,Llamada en frío,2025-12-31,"Roberto mostró interés en mejorar la eficiencia y control de los traslados corporativos, buscando una solución más estructurada.",2,2026-01-08,8,5,Roberto expresó interés en la propuesta de MoveUp y solicitó más información detallada sobre la integración.,Enviar documentación,"Agente: Hola, Roberto. Te habla Sofía de nuevo. ¿Pudiste revisar la documentación que te envié?
Contacto: Hola Sofía, sí, la revisé y me pareció bastante completa.
Agente: Me alegra escuchar eso. ¿Tienes alguna pregunta o comentario?
Contacto: Sí, me gustaría programar una demostración para nuestro equipo directivo.
Agente: Por supuesto, puedo coordinar una demo con nuestro especialista, Roberto Sánchez. ¿Hay algún día o hora que prefieras?
Contacto: La próxima semana podría funcionar, el martes por la mañana estaría bien.
Agente: Perfecto, agendaremos la demo para el martes a las 10 a.m.
Contacto: Genial, espero pueda aclararnos cualquier duda.
Agente: Seguro que sí. Nos aseguraremos de cubrir todos los aspectos. Gracias, Roberto.
Contacto: Gracias a ti, Sofía.
Agente: Hablamos el martes entonces.",Roberto confirmó interés en una demo y agendó una reunión con el especialista para la semana siguiente.,Agendar demo/reunión con especialista,In Progress
bd17f38d-a36,e02e304d,Isabel González,COO,Global Services,Tecnología,España,Sevilla,7569,2070360000,Feria o evento,2026-02-03,Global Services mostró un gran interés debido al alto volumen de desplazamientos de sus empleados y la necesidad urgente de optimizar costes de movilidad.,1,2026-02-07,4,0,PRIMERA_LLAMADA,PRIMERA_LLAMADA,"Agente: Hola Isabel, soy Sofía Moreno de MoveUp. Nos conocimos en la feria la semana pasada. ¿Cómo estás?
Contacto: Hola Sofía, muy bien, gracias. Estuve revisando la información que me diste y estamos bastante interesados en sus servicios.
Agente: Eso es genial de escuchar. ¿Podrías contarme un poco más sobre cómo gestionan actualmente los desplazamientos en Global Services?
Contacto: Claro, tenemos un volumen alto de viajes, sobre todo en Sevilla, y el coste es cada vez mayor. Buscamos una solución más eficiente y controlable.
Agente: Entiendo perfectamente. Con MoveUp, podemos ofrecer tarifas corporativas y un sistema de administración fácil de usar.
Contacto: Eso suena exactamente como lo que necesitamos. ¿Cómo sería el proceso de implementación?
Agente: Puedo enviarte documentos detallados sobre el proceso y también podemos agendar una demostración con nuestro especialista. ¿Te gustaría eso?
Contacto: Sí, por favor, envíame la documentación primero. Luego podemos coordinar la demo.
Agente: Perfecto, te la enviaré hoy mismo.
Contacto: Gracias, Sofía.
Agente: Gracias a ti, Isabel. Hablamos pronto.",Isabel mostró gran interés en los servicios y solicitó recibir documentación detallada sobre el proceso.,Enviar documentación,Converted
315c85ce-e14,e02e304d,Isabel González,COO,Global Services,Tecnología,España,Sevilla,7569,2070360000,Feria o evento,2026-02-03,Global Services mostró un gran interés debido al alto volumen de desplazamientos de sus empleados y la necesidad urgente de optimizar costes de movilidad.,2,2026-02-10,7,3,Isabel mostró gran interés en los servicios y solicitó recibir documentación detallada sobre el proceso.,Enviar documentación,"Agente: Hola Isabel, soy Sofía de nuevo. ¿Pudiste revisar la documentación que te envié?
Contacto: Hola Sofía, sí, la revisé y me pareció muy completa.
Agente: Me alegra saberlo. ¿Tienes alguna pregunta o duda que podamos resolver?
Contacto: Sólo me gustaría saber más sobre cómo podemos personalizar el servicio para nuestras necesidades específicas.
Agente: Claro, es algo que podemos discutir en detalle durante una demo con nuestro especialista, Roberto Sánchez. ¿Te gustaría que agendemos una reunión con él?
Contacto: Sí, definitivamente. Necesitamos avanzar con esto cuanto antes.
Agente: Perfecto, ¿qué te parece si lo hacemos esta semana?
Contacto: Me parece bien, ¿el jueves está disponible?
Agente: Déjame confirmarlo y te aviso, pero seguro podemos hacer que funcione.
Contacto: Genial, espero tu confirmación.
Agente: Excelente, te contactaré pronto con los detalles.",Isabel mostró interés en personalizar el servicio y acordó agendar una demo con el especialista.,Agendar demo/reunión con especialista,Converted
7c12a861-dc8,e02e304d,Isabel González,COO,Global Services,Tecnología,España,Sevilla,7569,2070360000,Feria o evento,2026-02-03,Global Services mostró un gran interés debido al alto volumen de desplazamientos de sus empleados y la necesidad urgente de optimizar costes de movilidad.,3,2026-02-12,9,2,Isabel mostró interés en personalizar el servicio y acordó agendar una demo con el especialista.,Agendar demo/reunión con especialista,"Agente: Hola Isabel, aquí está Sofía. ¿Lograste hablar con Roberto durante la demo?
Contacto: Hola Sofía, sí, la demo fue muy esclarecedora y Roberto pudo responder todas nuestras dudas.
Agente: Me alegra mucho escuchar eso. ¿Cómo te sientes sobre implementar MoveUp en Global Services ahora?
Contacto: Estamos muy interesados. Creo que es la solución perfecta para nosotros y estamos listos para avanzar.
Agente: ¡Fantástico! Podemos proceder con los siguientes pasos para la firma del contrato y la implementación.
Contacto: Perfecto, ¿cuándo podríamos tener todo listo?
Agente: Podemos tener el contrato listo para que lo revises esta misma semana.
Contacto: Excelente, estaré atenta.
Agente: Genial, gracias Isabel. Hablamos pronto.
Contacto: Gracias a ti, Sofía.","Isabel confirmó que estaban listos para avanzar con la implementación de MoveUp, completando el proceso de venta.",Esperar confirmación cliente,Converted
0025c8e9-dc6,65f451c7,Lucía Torres,Gerente de Administración,Digi Logistics,Química,España,Las Palmas,1564,113235000,Google Ads,2025-10-13,El lead mostró interés en mejorar la eficiencia y control de sus transportes corporativos.,1,2025-10-16,3,0,PRIMERA_LLAMADA,PRIMERA_LLAMADA,"Agente: Hola Lucía, soy Pablo Fernández de MoveUp. ¿Cómo estás?
Contacto: Hola Pablo, muy bien, gracias. ¿Y tú?
Agente: Muy bien, gracias. Quería saber si ya has tenido oportunidad de revisar la propuesta que te enviamos.
Contacto: Sí, la revisé. Me gustaría saber más sobre cómo funciona la integración con nuestro sistema actual.
Agente: Claro, puedo poner a nuestra especialista, Elena Navarro, en contacto contigo para que te explique los detalles técnicos.
Contacto: Me parece bien, pero antes quisiera saber cómo manejan el volumen de viajes para empresas de nuestro tamaño.
Agente: Trabajamos con varias empresas grandes y tenemos capacidad para adaptarnos al volumen de Digi Logistics.
Contacto: Eso suena interesante. Sin embargo, necesito más detalles sobre los costos implicados.
Agente: Entiendo. Te enviaré toda la documentación detallada al respecto.
Contacto: Perfecto, estaré esperando.
Agente: Gracias, Lucía. Hablamos pronto.",El contacto mostró interés en la integración y el manejo de volumen. Se acordó enviar documentación detallada.,Enviar documentación,In Progress
3ebfcd6d-ed9,65f451c7,Lucía Torres,Gerente de Administración,Digi Logistics,Química,España,Las Palmas,1564,113235000,Google Ads,2025-10-13,El lead mostró interés en mejorar la eficiencia y control de sus transportes corporativos.,2,2025-10-19,6,3,El contacto mostró interés en la integración y el manejo de volumen. Se acordó enviar documentación detallada.,Enviar documentación,"Agente: Buenos días, Lucía. Soy Pablo de nuevo. ¿Pudiste revisar la documentación que te envié?
Contacto: Sí, la revisé. Todo parece claro, pero quisiera tener una demo para ver cómo funciona en la práctica.
Agente: Podemos organizar una demo con Elena Navarro, nuestra especialista. ¿Qué día te conviene?
Contacto: Podríamos agendarla para el jueves de la próxima semana.
Agente: Perfecto, agendaré la demo para el jueves a las 11 a.m.
Contacto: Excelente, estaré lista para esa hora.
Agente: Genial, Lucía. Si necesitas algo más antes de la demo, no dudes en contactarme.
Contacto: Claro, muchas gracias.
Agente: A ti, Lucía. ¡Nos vemos el jueves!",El contacto solicitó una demo para ver el funcionamiento en la práctica. Se agendó para el próximo jueves.,Agendar demo/reunión con especialista,In Progress
ddd95996-90a,65f451c7,Lucía Torres,Gerente de Administración,Digi Logistics,Química,España,Las Palmas,1564,113235000,Google Ads,2025-10-13,El lead mostró interés en mejorar la eficiencia y control de sus transportes corporativos.,3,2025-10-27,14,8,El contacto solicitó una demo para ver el funcionamiento en la práctica. Se agendó para el próximo jueves.,Agendar demo/reunión con especialista,"Agente: Hola Lucía, soy Pablo, ¿cómo salió la demo del jueves?
Contacto: Hola Pablo, la demo fue muy clarificadora. Nos gustó lo que vimos.
Agente: Me alegra escuchar eso. ¿Hay alguna otra duda o necesidad que haya surgido desde entonces?
Contacto: Nos interesa saber si podemos personalizar ciertas funciones para nuestra operación diaria.
Agente: Precisamente, Elena puede trabajar contigo para ajustar el servicio a tus necesidades específicas.
Contacto: Perfecto, necesito discutirlo con mi equipo directivo antes de seguir avanzando.
Agente: Entiendo completamente. ¿Cuánto tiempo crees que llevaría eso?
Contacto: Probablemente una semana. Te aviso en cuanto tengamos una decisión.
Agente: Perfecto, esperaré tu confirmación. Muchas gracias, Lucía.
Contacto: Gracias a ti, Pablo. Hablamos pronto.",La demo fue satisfactoria y el cliente mostró interés en personalizaciones. Pendiente de confirmación del equipo directivo.,Esperar confirmación cliente,In Progress
ba4f9bc1-eda,2b2b4d99,David López,Responsable de Flota,Corp Services,Servicios Financieros,México,Ciudad de México,2619,761868000,Partner comercial,2025-11-28,Corp Services está muy interesado en el servicio de MoveUp debido a su reciente crecimiento y el alto volumen de desplazamientos corporativos que necesitan gestionar de manera más eficiente.,1,2025-12-04,6,0,PRIMERA_LLAMADA,PRIMERA_LLAMADA,"Agente: Hola, David. Soy Pablo Fernández de MoveUp. ¿Cómo estás?
Contacto: Hola, Pablo. Muy bien, gracias. ¿Y tú?
Agente: Bien, gracias. Quería hablar contigo sobre cómo MoveUp puede ayudar a Corp Services con la gestión de movilidad. Mencionaste que hay un alto volumen de desplazamientos, ¿cierto?
Contacto: Sí, exactamente. Estamos creciendo rápido y los costes de movilidad se están disparando.
Agente: Entiendo. Nuestro servicio puede optimizar esos costos y ofrecer una solución más flexible para tus necesidades. ¿Cuál es tu principal preocupación ahora mismo?
Contacto: Principalmente, necesitamos reducir los costes y mejorar la eficiencia.
Agente: Perfecto, eso es justo lo que MoveUp puede ofrecer. ¿Te gustaría una demostración más detallada de cómo funciona nuestro sistema?
Contacto: Sí, me parece una buena idea.
Agente: Genial. Voy a coordinar una reunión con nuestro especialista, Tomás Iglesias, para que te muestre todos los detalles.
Contacto: Me parece bien, estaré atento a tu confirmación.
Agente: Fantástico. Me pondré en contacto pronto para agendar la reunión.
Contacto: Gracias, Pablo.
Agente: A ti, David. Hablamos pronto.",David mostró interés en una demostración detallada de MoveUp para evaluar cómo reducir costos de movilidad.,Agendar demo/reunión con especialista,Converted
65e29c85-6d3,2b2b4d99,David López,Responsable de Flota,Corp Services,Servicios Financieros,México,Ciudad de México,2619,761868000,Partner comercial,2025-11-28,Corp Services está muy interesado en el servicio de MoveUp debido a su reciente crecimiento y el alto volumen de desplazamientos corporativos que necesitan gestionar de manera más eficiente.,2,2025-12-07,9,3,David mostró interés en una demostración detallada de MoveUp para evaluar cómo reducir costos de movilidad.,Agendar demo/reunión con especialista,"Agente: Hola, David. Soy Pablo de nuevo. ¿Tienes un momento?
Contacto: Hola, Pablo. Claro, adelante.
Agente: Quería confirmar nuestra reunión con Tomás para mañana a las 10 a.m. ¿Te viene bien?
Contacto: Sí, perfecto.
Agente: Genial. Durante la reunión, Tomás te mostrará cómo nuestro sistema puede integrarse con las operaciones de Corp Services para optimizar la movilidad y reducir costos.
Contacto: Estoy deseando verlo. Realmente necesitamos una solución rápida.
Agente: Entiendo la urgencia, y estamos aquí para ayudarte. ¿Algo más que quieras discutir antes de la reunión?
Contacto: No, por ahora está todo claro. Gracias.
Agente: Excelente. Después de la reunión, podemos proceder con la implementación si decides seguir adelante.
Contacto: De acuerdo, nos vemos mañana.
Agente: Hasta mañana, David. Muchas gracias por tu tiempo.
Contacto: Gracias a ti, Pablo.",Se confirmó la reunión con el especialista para revisar detalles y confirmar el contrato.,Esperar confirmación cliente,Converted
80238440-ffd,d21ef7c9,Miguel Romero,CFO,Smart Services,Educación,España,Málaga,123,8135000,Inbound / Blog,2026-02-25,El contacto mostró interés inicial en conocer más sobre cómo MoveUp podría optimizar sus gastos en transporte corporativo.,1,2026-03-03,6,0,PRIMERA_LLAMADA,PRIMERA_LLAMADA,"Agente: Hola Miguel, ¿cómo estás? Soy Ana Ruiz de MoveUp. Quería saber si tuviste oportunidad de revisar el material que te enviamos sobre nuestros servicios.
Contacto: Hola Ana, sí, lo he revisado, pero por ahora no estamos considerando cambiar de proveedor.
Agente: Entiendo, ¿hay algo específico que te haya preocupado o que no te haya convencido?
Contacto: Principalmente es una cuestión de presupuesto y de que ya tenemos un proveedor con el que estamos satisfechos.
Agente: Claro, ¿me podrías contar un poco más sobre el volumen de viajes que manejan mensualmente? Quizás podamos encontrar una solución que se ajuste a vuestro presupuesto.
Contacto: Aproximadamente unas 200-250 reservas al mes.
Agente: Perfecto, con ese volumen podríamos trabajar en una propuesta personalizada. Me gustaría agendar una demostración con nuestra especialista, Elena Navarro, para que puedas ver mejor cómo podríamos optimizar vuestros costos.
Contacto: No estoy seguro de querer agendar una demo en este momento, estamos en medio de una reorganización interna.
Agente: Entiendo, quizás podríamos recontactar en unos días para ver si la situación ha cambiado y si hay más disponibilidad de tu parte.
Contacto: De acuerdo, podemos hacerlo en una semana más o menos.
Agente: Perfecto, te recontactaré entonces. Gracias por tu tiempo, Miguel.
Contacto: Gracias, Ana.
Agente: Hasta luego.",El contacto mostró objeciones por presupuesto y ya tienen un proveedor. Se acuerda recontactar en una semana.,Recontactar en X días,Lost
ed9d342b-4fa,d21ef7c9,Miguel Romero,CFO,Smart Services,Educación,España,Málaga,123,8135000,Inbound / Blog,2026-02-25,El contacto mostró interés inicial en conocer más sobre cómo MoveUp podría optimizar sus gastos en transporte corporativo.,2,2026-03-10,13,7,El contacto mostró objeciones por presupuesto y ya tienen un proveedor. Se acuerda recontactar en una semana.,Recontactar en X días,"Agente: Hola Miguel, soy Ana de nuevo. Quería hacer un seguimiento de nuestra conversación anterior.
Contacto: Hola Ana. Sí, recuerdo nuestra conversación, pero como te mencioné, por ahora las cosas no han cambiado mucho.
Agente: Entiendo. ¿Crees que podríamos discutir alguna posible reducción de costos que podríamos ofrecer?
Contacto: Honestamente, el problema principal sigue siendo el presupuesto. Además, nuestra dirección está bastante enfocada en otras prioridades ahora mismo.
Agente: Comprendo. ¿Te gustaría que estuviéramos en contacto para cuando las circunstancias cambien?
Contacto: Por ahora prefiero mantenerme con nuestro proveedor actual. Si la circunstancia cambia, definitivamente me pondré en contacto.
Agente: Está bien, Miguel. Gracias por tu tiempo. Cerraré el lead por ahora, pero quedo a tu disposición.
Contacto: Gracias a ti, Ana. Un saludo.
Agente: Un saludo.",El contacto mantiene sus objeciones y decide no cambiar de proveedor. Se cierra el lead como no interesado.,Cerrar lead - no interesado,Lost
839607bf-e14,5cc7b8c4,David Serrano,Director de Compras,Nova Systems,Telecomunicaciones,España,Madrid,576,109877000,Google Ads,2025-10-26,El lead mostró interés inicial debido a una promoción especial vista en Google Ads.,1,2025-11-01,6,0,PRIMERA_LLAMADA,PRIMERA_LLAMADA,"Agente: Hola, David. Soy Carlos Martínez de MoveUp. ¿Cómo estás?
Contacto: Hola, Carlos. Estoy bien, gracias. Cuéntame, ¿en qué puedo ayudarte?
Agente: Vi que te interesaste en nuestra promoción para servicios de movilidad corporativa. ¿Tienen una flota actual que están considerando mejorar o cambiar?
Contacto: Sí, actualmente trabajamos con otro proveedor y estamos bastante contentos con ellos, pero siempre estamos abiertos a escuchar nuevas propuestas.
Agente: Entiendo, ¿me podrías contar cuántos viajes están gestionando mensualmente?
Contacto: Unos 200 aproximadamente, pero nuestro presupuesto actual es bastante ajustado.
Agente: Podemos ofrecer tarifas competitivas y personalizadas según el volumen. ¿Te interesaría agendar una demo con nuestra especialista para profundizar más?
Contacto: Podría ser, pero ahora mismo estamos en una reorganización interna, así que no es un buen momento.
Agente: ¿Te parece si envío más información por correo para que lo revises cuando puedan discutirlo internamente?
Contacto: Sí, eso estaría bien.
Agente: Perfecto, te la enviaré hoy mismo. Muchas gracias por tu tiempo, David.",El contacto mostró interés limitado debido a un proveedor existente y un presupuesto ajustado. Se acordó enviar documentación para su revisión.,Enviar documentación,Lost
477b8956-120,5cc7b8c4,David Serrano,Director de Compras,Nova Systems,Telecomunicaciones,España,Madrid,576,109877000,Google Ads,2025-10-26,El lead mostró interés inicial debido a una promoción especial vista en Google Ads.,2,2025-11-06,11,5,El contacto mostró interés limitado debido a un proveedor existente y un presupuesto ajustado. Se acordó enviar documentación para su revisión.,Enviar documentación,"Agente: Hola, David. Soy Carlos de nuevo, llamaba para ver si habías tenido oportunidad de revisar la información que te envié.
Contacto: Hola, Carlos. Sí, le eché un vistazo, pero como te comenté, ahora mismo no estamos en posición de cambiar de proveedor.
Agente: Lo entiendo, ¿hay alguna otra objeción que podamos discutir? Quizás podemos trabajar en una oferta especial.
Contacto: Para ser sincero, además del presupuesto, la situación económica no es la mejor y estamos priorizando otros proyectos.
Agente: Comprendo. Tal vez podríamos mantenernos en contacto y ver si en el futuro las condiciones cambian.
Contacto: Sí, podríamos verlo más adelante, pero ahora mismo no es viable.
Agente: Está bien, agradezco tu sinceridad. Cerraré el contacto por ahora, pero si necesitas algo, no dudes en llamarnos.
Contacto: Gracias, Carlos. Lo haré si es necesario.
Agente: Gracias a ti, David. Que tengas un buen día.",David revisó la documentación pero decidió no avanzar debido a restricciones presupuestarias y prioridades internas.,Cerrar lead - no interesado,Lost
5f73803e-e39,fdc930c3,Marta Romero,CEO,Corp Networks,Seguros,México,Ciudad de México,68,5295000,LinkedIn,2026-03-17,"El interés inicial de Corp Networks fue moderado, principalmente debido a la curiosidad sobre la optimización de costos en movilidad corporativa.",1,2026-03-21,4,0,PRIMERA_LLAMADA,PRIMERA_LLAMADA,"Agente: Hola Marta, soy Ana Ruiz de MoveUp. ¿Cómo estás?
Contacto: Hola Ana, bien gracias. ¿En qué puedo ayudarte?
Agente: Queríamos conversar sobre cómo MoveUp puede optimizar la movilidad de tus empleados y reducir costos.
Contacto: Actualmente ya tenemos un proveedor y el presupuesto está bastante justo este año.
Agente: Entiendo, pero hemos visto que empresas similares a la tuya lograron reducir sus costos en un 15%. ¿Podemos explorar cómo podría funcionar para ustedes?
Contacto: Hmm, suena interesante, pero realmente estamos en un momento de reorganización interna.
Agente: ¿Qué te parece si te envío más información para que puedas evaluarlo con calma?
Contacto: Sí, por favor. Envía la información y lo reviso con mi equipo.
Agente: Perfecto, te lo envío hoy mismo. Gracias por tu tiempo.
Contacto: Gracias a ti, Ana.",La llamada terminó con la promesa de enviar información adicional para evaluar el potencial de MoveUp.,Enviar documentación,Lost
9fa0ae19-cb3,fdc930c3,Marta Romero,CEO,Corp Networks,Seguros,México,Ciudad de México,68,5295000,LinkedIn,2026-03-17,"El interés inicial de Corp Networks fue moderado, principalmente debido a la curiosidad sobre la optimización de costos en movilidad corporativa.",2,2026-03-26,9,5,La llamada terminó con la promesa de enviar información adicional para evaluar el potencial de MoveUp.,Enviar documentación,"Agente: Hola Marta, soy Ana nuevamente. Queríamos saber si tuviste tiempo de revisar la información.
Contacto: Hola Ana. Sí, la revisé, pero como te mencioné, ya tenemos un proveedor y ahora mismo no queremos cambiar.
Agente: Entiendo. Sin embargo, ofrecemos flexibilidad y tarifas competitivas que podrían ser ventajosas.
Contacto: Estamos en una situación complicada por el presupuesto y no nos arriesgamos a cambiar por ahora.
Agente: Comprendo la preocupación. ¿Te gustaría agendar una reunión con nuestra especialista para detallar más?
Contacto: No, por ahora prefiero no mover nada. Podemos revisarlo quizás el próximo año.
Agente: Está bien, respeto tu decisión. Muchas gracias por considerar nuestra propuesta.
Contacto: Gracias a ti por entender.",El contacto reafirmó su compromiso con el proveedor actual y decidió no cambiar debido a restricciones presupuestarias.,Cerrar lead - no interesado,Lost
855e2e88-db2,b1367d95,Alberto Ruiz,Director de RRHH,Prime Innovations,Energía,España,Las Palmas,44,4967000,Referencia de cliente,2025-12-09,La empresa está interesada en optimizar sus costes de movilidad debido a un alto volumen de desplazamientos y crecimiento reciente.,1,2025-12-14,5,0,PRIMERA_LLAMADA,PRIMERA_LLAMADA,"Agente: Hola Alberto, soy Javier Torres de MoveUp. ¿Cómo estás?
Contacto: Hola Javier, muy bien, gracias. Justo estaba esperando tu llamada.
Agente: Estupendo. Me comentaron que Prime Innovations está interesado en nuestros servicios de movilidad corporativa.
Contacto: Sí, correcto. Hemos experimentado un crecimiento reciente y el volumen de desplazamientos ha aumentado significativamente.
Agente: Entiendo. ¿Actualmente cómo gestionan estos desplazamientos?
Contacto: Utilizamos taxis y alquileres, pero los costes están siendo altos y necesitamos una solución más eficiente.
Agente: MoveUp podría ser una gran solución para ustedes. Ofrecemos tarifas corporativas personalizadas y gestión sencilla desde nuestra plataforma.
Contacto: Eso suena bien, pero nos preocupa que la implementación interfiera con nuestras operaciones.
Agente: No te preocupes, nuestro equipo está entrenado para asegurar una transición suave sin interrumpir sus actividades.
Contacto: Perfecto, me gustaría ver cómo funciona todo en detalle.
Agente: Claro, puedo agendar una demo con nuestro especialista, Tomás Iglesias. ¿Te parece bien?
Contacto: Sí, me parece perfecto.
Agente: Genial, te mandaré la invitación para la demo.
Contacto: Gracias, Javier.
Agente: A ti, Alberto. Hablamos pronto.",Se discutieron los desafíos actuales y se acordó agendar una demo con el especialista.,Agendar demo/reunión con especialista,Converted
5c6026ee-16c,b1367d95,Alberto Ruiz,Director de RRHH,Prime Innovations,Energía,España,Las Palmas,44,4967000,Referencia de cliente,2025-12-09,La empresa está interesada en optimizar sus costes de movilidad debido a un alto volumen de desplazamientos y crecimiento reciente.,2,2025-12-17,8,3,Se discutieron los desafíos actuales y se acordó agendar una demo con el especialista.,Agendar demo/reunión con especialista,"Agente: Hola Alberto, ¿cómo va todo?
Contacto: Hola Javier, todo bien. Acabamos de terminar la demo con Tomás.
Agente: ¿Y qué te ha parecido?
Contacto: La plataforma es muy completa y se adapta bastante bien a nuestras necesidades. Estamos interesados en avanzar.
Agente: Me alegra mucho escuchar eso. Puedo enviar la documentación necesaria para iniciar.
Contacto: Perfecto, me gustaría revisarla con mi equipo cuanto antes.
Agente: Claro, enviaré todo hoy mismo. ¿Hay algo más que te preocupe antes de avanzar?
Contacto: No, solo necesitamos asegurarnos de que el proceso de implementación sea rápido.
Agente: No hay problema, podemos ponerlo en marcha en cuestión de días.
Contacto: Excelente, entonces estamos listos para confirmar.
Agente: Perfecto, enviaré la documentación ahora. Hablamos pronto.
Contacto: Gracias, Javier.
Agente: A ti, Alberto. Hasta pronto.",Alberto expresó interés positivo tras la demo y acordaron avanzar con la documentación.,Esperar confirmación cliente,Converted
a837455f-453,37eaaab7,Laura Díaz,Director Financiero,Grupo Group,Construcción,España,Palma,14,2243000,Email marketing,2026-03-19,El interés inicial fue bajo debido a la poca flexibilidad presupuestaria y la existencia de un proveedor actual.,1,2026-03-24,5,0,PRIMERA_LLAMADA,PRIMERA_LLAMADA,"Agente: Hola Laura, soy Pablo Fernández de MoveUp. ¿Cómo estás?
Contacto: Hola Pablo, bien, gracias. ¿Y tú?
Agente: Muy bien, gracias. Quería hablar sobre cómo MoveUp puede ayudar a su empresa con la movilidad corporativa. ¿Sería un buen momento?
Contacto: Estaba revisando su propuesta, pero actualmente tenemos restricciones presupuestarias.
Agente: Entiendo, ¿cuál es el volumen de viajes que manejan actualmente?
Contacto: Aproximadamente unos 50 viajes al mes, pero ya tenemos un proveedor establecido.
Agente: Nuestro servicio ofrece tarifas competitivas y beneficios adicionales como la gestión centralizada de gastos. ¿Le interesaría explorar esto más a fondo?
Contacto: Podría ser, pero necesito discutirlo internamente.
Agente: Perfecto, ¿te parece si te envío más información detallada para ayudar en tu evaluación?
Contacto: Sí, eso estaría bien.
Agente: Genial, te lo envío hoy mismo. ¿Cuándo sería conveniente que te vuelva a contactar?
Contacto: Quizás en una semana.
Agente: De acuerdo, hablamos pronto. Gracias, Laura.
Contacto: Gracias a ti, Pablo.","Laura expresó preocupaciones por el presupuesto y mencionó que ya tienen un proveedor, pero aceptó recibir más información.",Enviar documentación,Lost
2863c14d-73b,37eaaab7,Laura Díaz,Director Financiero,Grupo Group,Construcción,España,Palma,14,2243000,Email marketing,2026-03-19,El interés inicial fue bajo debido a la poca flexibilidad presupuestaria y la existencia de un proveedor actual.,2,2026-03-31,12,7,"Laura expresó preocupaciones por el presupuesto y mencionó que ya tienen un proveedor, pero aceptó recibir más información.",Enviar documentación,"Agente: Hola Laura, soy Pablo nuevamente. Espero que hayas tenido tiempo para revisar la documentación.
Contacto: Hola Pablo, sí la revisé, pero aún estamos evaluando nuestras opciones debido a algunos ajustes internos.
Agente: Entiendo, ¿puedo ayudar en algo más para clarificar lo que ofrecemos?
Contacto: No estoy segura, las cosas están un poco en el aire ahora mismo por la reorganización interna.
Agente: ¿Crees que una demostración con nuestro especialista, Roberto, podría aclarar el panorama?
Contacto: Podría ser útil, pero no tengo certeza sobre cuándo podremos decidir.
Agente: Comprendo. Puedo coordinar una demo cuando sea conveniente para ustedes. ¿Te gustaría agendarla para tenerla lista?
Contacto: Tal vez más adelante, necesito ver cómo avanzan las cosas primero.
Agente: Perfecto, estaré atento a tu señal. ¿Te parece si te llamo la próxima semana para ver cómo van las cosas?
Contacto: Sí, por favor.
Agente: Gracias, Laura. ¡Hablamos pronto!
Contacto: Gracias, Pablo.","La llamada no progresó mucho debido a la reorganización interna en Grupo Group. Se consideró una demo, pero no se concretó.",Recontactar en X días,Lost
3939a34f-0f2,37eaaab7,Laura Díaz,Director Financiero,Grupo Group,Construcción,España,Palma,14,2243000,Email marketing,2026-03-19,El interés inicial fue bajo debido a la poca flexibilidad presupuestaria y la existencia de un proveedor actual.,3,2026-04-07,19,7,"La llamada no progresó mucho debido a la reorganización interna en Grupo Group. Se consideró una demo, pero no se concretó.",Recontactar en X días,"Agente: Hola Laura, ¿cómo van las cosas en Grupo Group?
Contacto: Hola Pablo, sigue todo igual, la reorganización ha retrasado cualquier decisión sobre nuevos proveedores.
Agente: Vaya, lo siento. ¿Crees que habrá un cambio en el corto plazo?
Contacto: Sinceramente, no lo creo. Además, nuestro presupuesto está muy ajustado por la coyuntura actual.
Agente: Entiendo, quizás podríamos pensar en un esquema a medida que se ajuste a su presupuesto.
Contacto: Agradezco la oferta, pero ahora no podemos comprometernos con nada nuevo.
Agente: Comprendo, Laura. Si en el futuro las condiciones cambian, estaré aquí para ayudar.
Contacto: Gracias, Pablo. Sería bueno retomar el contacto si mejora nuestra situación.
Agente: Perfecto, estaré pendiente. Gracias por tu tiempo.
Contacto: Gracias a ti.","Laura confirmó que las restricciones presupuestarias y la reorganización interna impiden avanzar, por lo que el lead se cierra.",Cerrar lead - no interesado,Lost
9c04c7f1-420,e99529fd,Alberto Vega,Gerente de Administración,Smart Networks,Medios y Publicidad,España,Málaga,6981,1193638000,Feria o evento,2026-02-06,El contacto mostró mucho interés en MoveUp debido al crecimiento de la empresa y el alto volumen de desplazamientos que necesitan gestionar.,1,2026-02-11,5,0,PRIMERA_LLAMADA,PRIMERA_LLAMADA,"Agente: Hola, ¿Alberto? Soy Marta Díaz de MoveUp. Gracias por atender mi llamada.
Contacto: Hola Marta, gracias a ti. Estábamos esperando su llamada.
Agente: Perfecto. Me comentaron que Smart Networks está creciendo rápidamente y tienen un alto volumen de desplazamientos. ¿Es así?
Contacto: Sí, exactamente. Con nuestro crecimiento, estamos buscando optimizar los costes de movilidad. Es urgente.
Agente: Entiendo, en MoveUp podemos ofrecer una solución eficiente para gestionar esos desplazamientos. ¿Ya tienen un presupuesto asignado para esto?
Contacto: Estamos trabajando con un presupuesto, pero es flexible si nos garantizan ahorros.
Agente: Genial, creo que podríamos ayudarles a reducir costes significativamente. ¿Cuántos desplazamientos realizan mensualmente?
Contacto: Aproximadamente 3000. Queremos mejorar la eficiencia y el control de estos.
Agente: Son bastantes, con nuestro sistema podrían centralizarlos y reducir tiempos. ¿Estarían interesados en una demo para ver cómo funcionaría para ustedes?
Contacto: Sí, nos gustaría ver una demostración lo antes posible.
Agente: Perfecto, podemos agendarla con nuestra especialista, Cristina Vera. ¿Quizás esta semana?
Contacto: Me parece bien, confirmémoslo cuanto antes.",El contacto mostró un interés claro en optimizar costos de movilidad y acordaron agendar una demo con la especialista.,Agendar demo/reunión con especialista,Converted
c1ae012c-18e,fe18a8b9,Marta Martínez,COO,Smart Partners,Manufactura,España,Murcia,523,105587000,Google Ads,2025-11-28,El lead mostró interés en explorar opciones de movilidad corporativa pero está comparando alternativas y esperando aprobación presupuestaria.,1,2025-11-30,2,0,PRIMERA_LLAMADA,PRIMERA_LLAMADA,"Agente: Hola Marta, soy Diego López de MoveUp. ¿Cómo estás hoy?
Contacto: Hola Diego, muy bien, gracias. ¿Y tú?
Agente: Todo bien, gracias. Quería saber cómo podemos ayudaros con la movilidad corporativa. ¿Qué tipo de volumen de viajes estáis manejando actualmente?
Contacto: Aproximadamente unos 100 viajes al mes, pero estamos evaluando si podemos mejorar la eficiencia.
Agente: Perfecto, MoveUp podría ofrecer una solución a medida. ¿Cuándo crees que podríais tomar una decisión?
Contacto: Estamos explorando opciones, así que por ahora no tenemos prisa.
Agente: Entiendo, puedo enviaros más información detallada si lo deseas.
Contacto: Sí, por favor, envíamelo a mi correo.
Agente: Hecho. ¿Habría alguna otra cuestión que te gustaría aclarar?
Contacto: De momento no, gracias.
Agente: Perfecto, estaré atento a cualquier duda.
Contacto: Genial, gracias Diego.",Se discutieron las necesidades generales y se acordó enviar más información vía correo electrónico.,Enviar documentación,Nurturing
d5bc942a-99e,fe18a8b9,Marta Martínez,COO,Smart Partners,Manufactura,España,Murcia,523,105587000,Google Ads,2025-11-28,El lead mostró interés en explorar opciones de movilidad corporativa pero está comparando alternativas y esperando aprobación presupuestaria.,2,2025-12-07,9,7,Se discutieron las necesidades generales y se acordó enviar más información vía correo electrónico.,Enviar documentación,"Agente: Hola Marta, soy Diego de nuevo. ¿Recibiste la información que te envié?
Contacto: Hola Diego, sí, la recibí. He estado revisando.
Agente: Genial. ¿Tienes alguna pregunta o te gustaría que programemos una demostración con nuestra especialista, Cristina Vera?
Contacto: Aún estamos revisando internamente. Me gustaría saber si podéis ajustar precios para empresas de nuestro tamaño.
Agente: Claro, nuestras soluciones son flexibles y podemos trabajar en un paquete que se ajuste a vuestro presupuesto y necesidades.
Contacto: Eso es justo lo que necesitamos, pero aún esperamos luz verde del equipo financiero.
Agente: Entiendo. ¿Habrá algún cambio en el tiempo de respuesta?
Contacto: Tal vez un par de semanas más.
Agente: Perfecto, te contactaré después de eso.
Contacto: De acuerdo, gracias Diego.",La cliente está revisando la información internamente y espera la aprobación del equipo financiero.,Recontactar en X días,Nurturing
d47b10e0-621,fe18a8b9,Marta Martínez,COO,Smart Partners,Manufactura,España,Murcia,523,105587000,Google Ads,2025-11-28,El lead mostró interés en explorar opciones de movilidad corporativa pero está comparando alternativas y esperando aprobación presupuestaria.,3,2025-12-21,23,14,La cliente está revisando la información internamente y espera la aprobación del equipo financiero.,Recontactar en X días,"Agente: Hola Marta, soy Diego, ¿cómo va todo?
Contacto: Hola Diego, todo en orden. Aún estamos a la espera de la decisión final.
Agente: Entiendo, ¿hay algo más en lo que os pueda ayudar mientras esperáis la aprobación?
Contacto: No por ahora, solo necesitamos más tiempo para comparar con otras opciones.
Agente: Claro, si necesitas alguna otra información o una reunión con nuestros especialistas, házmelo saber.
Contacto: Lo haré, gracias por estar pendiente.
Agente: De acuerdo, os dejaré vuestro espacio y seguiré en contacto.
Contacto: Perfecto, gracias.
Agente: Gracias a ti, Marta. Espero hablar pronto.",El lead aún está evaluando opciones y esperando aprobación interna; no requiere acciones inmediatas.,Cerrar lead - nurturing,Nurturing
70809356-1c1,20927548,María Fernández,Responsable de Movilidad,Alpha Innovations,Salud,Portugal,Lisboa,179,49160000,Feria o evento,2026-01-02,"María mostró interés en conocer las opciones de movilidad para el personal de su empresa, pero no tiene urgencia inmediata para implementar un nuevo sistema.",1,2026-01-09,7,0,PRIMERA_LLAMADA,PRIMERA_LLAMADA,"Agente: Hola María, soy Ana de MoveUp. ¿Cómo estás hoy?
Contacto: Hola Ana, todo bien, gracias. Estuvimos revisando su servicio y queríamos conocer más detalles.
Agente: Perfecto. ¿Hay algo específico que te gustaría saber?
Contacto: Sí, estamos interesados en cómo se manejan los volúmenes de viajes altos, ya que tenemos 179 empleados.
Agente: Entiendo. Nuestro servicio está preparado para gestionar grandes volúmenes sin problema. ¿Tienen algún presupuesto ya asignado para esto?
Contacto: Aún no, estamos en la etapa de evaluación y comparación de opciones.
Agente: Claro, eso es totalmente comprensible. ¿Te gustaría que te enviáramos información detallada para que puedas revisarlo con calma?
Contacto: Sí, por favor. Eso sería muy útil.
Agente: Perfecto, te enviaré la documentación hoy mismo.
Contacto: Gracias, estaré atenta.
Agente: De nada, María. ¿Te parece bien si te contacto la próxima semana para ver si tienes alguna pregunta?
Contacto: Por supuesto, estaré esperando tu llamada.
Agente: Genial. Hablamos pronto entonces.",María solicitó más información para revisar con detalle las opciones de MoveUp.,Enviar documentación,Nurturing
93c1241b-791,20927548,María Fernández,Responsable de Movilidad,Alpha Innovations,Salud,Portugal,Lisboa,179,49160000,Feria o evento,2026-01-02,"María mostró interés en conocer las opciones de movilidad para el personal de su empresa, pero no tiene urgencia inmediata para implementar un nuevo sistema.",2,2026-01-16,14,7,María solicitó más información para revisar con detalle las opciones de MoveUp.,Enviar documentación,"Agente: Hola María, soy Ana de nuevo. ¿Tuviste la oportunidad de revisar la documentación que te envié?
Contacto: Hola Ana, sí, la revisamos y es bastante completa. Aún estamos evaluando varias propuestas.
Agente: ¡Qué bien que la encontraste útil! ¿Hay alguna pregunta o algo que no te haya quedado claro?
Contacto: No, hasta ahora todo está claro. Estamos esperando la aprobación presupuestaria antes de avanzar.
Agente: Entiendo. ¿Hay algún plazo para esa aprobación?
Contacto: No tenemos un plazo exacto, pero esperamos tener noticias en unas semanas.
Agente: Está bien. En ese caso, te propongo que nos mantengamos en contacto mientras tanto. ¿Te parece bien si te llamo en un mes para ver cómo van las cosas?
Contacto: Sí, eso sería perfecto.
Agente: Perfecto, María. Estaré pendiente. Cualquier cosa, no dudes en contactarme.
Contacto: Gracias Ana, lo haré.
Agente: De nada, que tengas un buen día.",María está esperando aprobación presupuestaria y continuará evaluando opciones.,Cerrar lead - nurturing,Nurturing
7294cb45-64f,380e26b9,Sofía Romero,Director General,Tech Dynamics,Automoción,Portugal,Oporto,501,52986000,Inbound / Blog,2026-02-11,Sofía mostró un interés inicial sólido debido al alto volumen de desplazamientos corporativos y la necesidad urgente de reducir costes de movilidad.,1,2026-02-18,7,0,PRIMERA_LLAMADA,PRIMERA_LLAMADA,"Agente: Hola Sofía, soy Ana Ruiz de MoveUp. Estoy encantada de hablar contigo hoy.
Contacto: Hola Ana. Igualmente. He leído sobre vuestro servicio en el blog y parece una solución interesante para nosotros.
Agente: Me alegra escuchar eso. ¿Podrías contarme un poco más sobre cómo gestionáis actualmente la movilidad de vuestra empresa?
Contacto: Claro, actualmente utilizamos taxis y alquileres, pero el coste se nos está disparando. Queremos algo más eficiente.
Agente: Entiendo. ¿Tienes alguna idea del volumen de viajes al mes?
Contacto: Aproximadamente unos 300 viajes mensuales.
Agente: Perfecto, eso nos da una buena base para trabajar en una propuesta. ¿Hay alguna urgencia en encontrar una solución?
Contacto: Sí, nos gustaría tener algo en marcha en el próximo mes.
Agente: Genial, creo que podemos ayudarte. ¿Te parecería bien si organizamos una reunión con nuestra especialista en movilidad?
Contacto: Me parece perfecto.
Agente: Perfecto, entonces coordinaré una demo con Elena Navarro.
Contacto: Estupendo, espero la invitación.",Sofía mostró gran interés y acordamos agendar una reunión con nuestra especialista.,Agendar demo/reunión con especialista,Converted
2ea3489e-3a7,380e26b9,Sofía Romero,Director General,Tech Dynamics,Automoción,Portugal,Oporto,501,52986000,Inbound / Blog,2026-02-11,Sofía mostró un interés inicial sólido debido al alto volumen de desplazamientos corporativos y la necesidad urgente de reducir costes de movilidad.,2,2026-02-23,12,5,Sofía mostró gran interés y acordamos agendar una reunión con nuestra especialista.,Agendar demo/reunión con especialista,"Agente: Hola Sofía, soy Ana. Quería confirmarte la reunión con Elena Navarro para el jueves a las 10 am.
Contacto: Hola Ana. Sí, el jueves a las 10 me va perfecto.
Agente: Excelente. En la reunión, Elena te mostrará cómo nuestro servicio puede optimizar vuestros costes de movilidad.
Contacto: Genial, estoy deseando ver cómo podemos implementarlo.
Agente: ¿Hay algo específico que te gustaría que abordemos en la reunión?
Contacto: Sí, quizás entender mejor cómo se integra con nuestros sistemas actuales.
Agente: Claro, Elena estará preparada para responder a eso. ¿Algo más en lo que podamos ayudarte antes de la reunión?
Contacto: No, de momento eso sería todo. Gracias, Ana.
Agente: Genial, entonces nos vemos el jueves. ¡Hasta pronto!
Contacto: Hasta pronto, Ana.",Confirmamos la reunión con la especialista y discutimos expectativas específicas.,Esperar confirmación cliente,Converted
769d467a-f52,380e26b9,Sofía Romero,Director General,Tech Dynamics,Automoción,Portugal,Oporto,501,52986000,Inbound / Blog,2026-02-11,Sofía mostró un interés inicial sólido debido al alto volumen de desplazamientos corporativos y la necesidad urgente de reducir costes de movilidad.,3,2026-02-26,15,3,Confirmamos la reunión con la especialista y discutimos expectativas específicas.,Esperar confirmación cliente,"Agente: Hola Sofía, ¿cómo estás? Soy Ana, quería hablar sobre la reunión con Elena.
Contacto: Hola Ana, sí, la reunión fue muy informativa y útil. Nos gustó mucho la propuesta.
Agente: ¡Qué bien! ¿Hay alguna duda o inquietud que hayamos dejado sin resolver?
Contacto: No, todo fue bastante claro. Estamos listos para proceder.
Agente: Excelente, entonces, ¿puedo enviaros el contrato para que lo revisen?
Contacto: Sí, por favor, nos gustaría tenerlo cuanto antes.
Agente: Perfecto, te lo envío hoy mismo. ¿Alguna fecha en mente para la implementación?
Contacto: Nos gustaría empezar a principios del próximo mes.
Agente: Genial, podemos trabajar con ese calendario. Entonces, te enviaré el contrato y nos mantenemos en contacto.
Contacto: Gracias, Ana. Esperamos tu correo.
Agente: Gracias a ti, Sofía. ¡Hablamos pronto!",Sofía confirmó el interés en proceder y acordamos enviar el contrato para revisión.,Enviar documentación,Converted
ce68334a-874,8dc4e14b,Cristina López,Director de Operaciones,Flex Partners,Educación,México,Ciudad de México,177,30609000,Referencia de cliente,2025-12-13,El lead mostró interés inicial por referencias positivas de un cliente actual de MoveUp.,1,2025-12-18,5,0,PRIMERA_LLAMADA,PRIMERA_LLAMADA,"Agente: Hola, Cristina. Soy Diego López de MoveUp. Me comentaron que están interesados en nuestro servicio de movilidad corporativa.
Contacto: Hola, Diego. Sí, me mencionaron sobre ustedes, pero ya contamos con un proveedor actual.
Agente: Entiendo, pero creo que podríamos ofrecer una solución más eficiente y económica. ¿Cuántos viajes realizan al mes aproximadamente?
Contacto: No tengo la cifra exacta ahora, pero no estamos considerando cambiar por el momento debido a nuestro presupuesto limitado.
Agente: Podemos trabajar con diferentes planes que se adapten a su presupuesto. ¿Le gustaría que revisáramos alguna propuesta específica?
Contacto: Prefiero no comprometerme, sobre todo porque estamos en una reorganización interna.
Agente: Comprendo su situación. ¿Le parece si le envío más información para que la revise con calma?
Contacto: Sí, podría ser útil. Mandáme la documentación y lo revisaré con mi equipo.
Agente: Perfecto, Cristina. Te enviaré esa información hoy mismo.
Contacto: Gracias, Diego.
Agente: Gracias a ti. Estamos en contacto.",El contacto mostró objeciones sobre presupuesto y reorganización interna. Se acordó enviar documentación para más información.,Enviar documentación,Lost
e114c528-cbc,8dc4e14b,Cristina López,Director de Operaciones,Flex Partners,Educación,México,Ciudad de México,177,30609000,Referencia de cliente,2025-12-13,El lead mostró interés inicial por referencias positivas de un cliente actual de MoveUp.,2,2025-12-25,12,7,El contacto mostró objeciones sobre presupuesto y reorganización interna. Se acordó enviar documentación para más información.,Enviar documentación,"Agente: Hola, Cristina. Soy Diego nuevamente, espero que hayas tenido oportunidad de revisar la información que te envié.
Contacto: Hola, Diego. Sí, la revisé, pero seguimos con la misma posición de no poder cambiar por el momento.
Agente: Lo entiendo. ¿Hay alguna otra preocupación que podamos abordar para que MoveUp sea una opción viable?
Contacto: En realidad no. Estamos bastante cómodos con nuestro proveedor actual, y por ahora no estamos en posición de considerar un cambio.
Agente: Aprecio tu sinceridad, Cristina. Si en el futuro cambian de opinión o sus necesidades cambian, estaremos encantados de ayudar.
Contacto: Claro, Diego. Lo tendré en cuenta si la situación cambia.
Agente: Muchas gracias por tu tiempo. Te deseo lo mejor en la reorganización.
Contacto: Gracias, Diego. Igual para ustedes.
Agente: Hasta luego, Cristina.
Contacto: Hasta luego.",El contacto reafirmó su decisión de no cambiar de proveedor debido a la comodidad con el actual y las restricciones presupuestarias.,Cerrar lead - no interesado,Lost
d78efdde-42e,3f038715,Jorge Moreno,Director Financiero,Grupo Partners,Automoción,España,Zaragoza,233,19710000,Formulario web,2026-03-10,"Jorge mostró interés en optimizar el transporte corporativo, pero necesita explorar opciones y recibir aprobación del presupuesto.",1,2026-03-14,4,0,PRIMERA_LLAMADA,PRIMERA_LLAMADA,"Agente: Hola Jorge, soy Marta Díaz de MoveUp. ¿Cómo estás hoy?
Contacto: Hola Marta, bien, gracias. He estado revisando la información que me enviasteis.
Agente: Genial, ¿tienes alguna pregunta sobre nuestros servicios?
Contacto: Sí, me gustaría saber más sobre cómo se ajusta a empresas de nuestro tamaño.
Agente: Trabajamos con empresas de distintos tamaños, ofreciendo planes flexibles. ¿Cuántos viajes mensuales estimas que realiza tu equipo?
Contacto: Aproximadamente 300 al mes.
Agente: Perfecto, tenemos planes que pueden adaptarse a ese volumen. ¿Te gustaría que te enviara más detalles por correo?
Contacto: Sí, por favor, y detalles sobre los precios.
Agente: Claro, te lo envío ahora mismo.
Contacto: Gracias, Marta.
Agente: A ti, Jorge. Hablamos pronto.","Jorge solicitó más información sobre los planes y precios. Interés presente, pero necesita más detalles.",Enviar documentación,Nurturing
eb883aac-4b2,3f038715,Jorge Moreno,Director Financiero,Grupo Partners,Automoción,España,Zaragoza,233,19710000,Formulario web,2026-03-10,"Jorge mostró interés en optimizar el transporte corporativo, pero necesita explorar opciones y recibir aprobación del presupuesto.",2,2026-03-21,11,7,"Jorge solicitó más información sobre los planes y precios. Interés presente, pero necesita más detalles.",Enviar documentación,"Agente: Hola Jorge, soy Marta otra vez. Espero que hayas recibido la información que te envié.
Contacto: Hola Marta, sí la recibí. Estamos revisando las opciones.
Agente: ¿Hay algo más que pueda aclarar sobre nuestros servicios?
Contacto: Me gustaría saber cómo se compara vuestro servicio con otras opciones del mercado.
Agente: Entiendo, podemos ofrecer una demo para mostrarte cómo funciona nuestro sistema y sus ventajas frente a la competencia. ¿Te gustaría agendar una?
Contacto: Eso podría ser útil, pero necesito discutirlo con mi equipo primero.
Agente: Perfecto, avísame cuando estés listo. ¿Cuándo crees que podrías tener una respuesta?
Contacto: Probablemente la próxima semana.
Agente: Estupendo, hablamos entonces. Mantente en contacto.
Contacto: Así será, gracias Marta.",Jorge está considerando otras opciones y quiere discutirlo internamente antes de avanzar.,Recontactar en X días,Nurturing
e85c3922-978,3f038715,Jorge Moreno,Director Financiero,Grupo Partners,Automoción,España,Zaragoza,233,19710000,Formulario web,2026-03-10,"Jorge mostró interés en optimizar el transporte corporativo, pero necesita explorar opciones y recibir aprobación del presupuesto.",3,2026-03-31,21,10,Jorge está considerando otras opciones y quiere discutirlo internamente antes de avanzar.,Recontactar en X días,"Agente: Hola Jorge, aquí Marta. Quería hacer un seguimiento sobre nuestra última conversación.
Contacto: Hola Marta, gracias por llamar. Aún estamos evaluando las diferentes propuestas, pero no hemos tomado una decisión aún.
Agente: Entiendo, ¿hay algo más que pueda proporcionar para ayudar en la decisión?
Contacto: En este momento, solo estamos esperando la aprobación del presupuesto.
Agente: Perfecto, ¿crees que habrá una actualización pronto?
Contacto: Espero que sí, pero no puedo asegurarlo.
Agente: No hay problema, estaré pendiente y podemos seguir en contacto cuando tengas novedades.
Contacto: Me parece bien, gracias por la paciencia.
Agente: Gracias a ti, Jorge. Estoy aquí para cualquier cosa que necesites.",Jorge espera confirmación presupuestaria. La decisión está en pausa.,Cerrar lead - nurturing,Nurturing
5d36c522-bfc,2065be47,Rafael Vega,Responsable de Flota,Global Group,Distribución,España,Zaragoza,7605,1732619000,Referencia de cliente,2025-12-01,"Rafael mostró interés inicial debido a la recomendación de un cliente actual, pero expresó preocupación por el presupuesto.",1,2025-12-02,1,0,PRIMERA_LLAMADA,PRIMERA_LLAMADA,"Agente: Hola Rafael, soy Pablo Fernández de MoveUp. ¿Cómo estás hoy?
Contacto: Hola Pablo, bien, gracias. ¿Y tú?
Agente: Muy bien, gracias. Te llamo porque nos recomendaron a Global Group y quería hablar sobre cómo MoveUp podría ayudar con la movilidad corporativa de tu empresa.
Contacto: Sí, me lo mencionaron, pero ahora mismo estamos bastante contentos con nuestro proveedor actual.
Agente: Entiendo, pero me gustaría saber si hay algún aspecto en el que podamos ofrecer un mejor servicio, especialmente si tienes un volumen alto de viajes.
Contacto: Bueno, tenemos bastante movimiento, pero sinceramente estamos con un presupuesto ajustado este año.
Agente: Claro, muchos de nuestros clientes encontraron ahorros significativos con nosotros. ¿Crees que podría ser útil revisar opciones juntos?
Contacto: Tal vez, pero también estamos en medio de una reorganización interna, así que no es un buen momento.
Agente: Comprendo, Rafael. Quizá podamos retomar esta conversación en el futuro cuando estén más estabilizados.
Contacto: Podría ser, pero por ahora prefiero no comprometerme.
Agente: Perfecto, mantendremos la puerta abierta para el futuro. Muchas gracias por tu tiempo.
Contacto: Gracias a ti, Pablo.","Rafael mostró objeciones claras relacionadas con presupuesto, proveedor actual y reorganización interna, terminando en no interés inmediato.",Cerrar lead - no interesado,Lost
485ef70b-27b,10b5fc01,Sofía Serrano,Director Comercial,Iberia Consulting,Química,Portugal,Lisboa,725,55448000,Formulario web,2025-12-14,Sofía mostró un alto interés debido al crecimiento de la empresa y la necesidad urgente de reducir costes de movilidad.,1,2025-12-17,3,0,PRIMERA_LLAMADA,PRIMERA_LLAMADA,"Agente: Hola, Sofía, soy Laura Gómez de MoveUp. ¿Cómo te encuentras hoy?
Contacto: Hola, Laura. Muy bien, gracias. Estaba esperando tu llamada.
Agente: Genial. Quería hablar sobre cómo MoveUp puede ayudar a Iberia Consulting con sus necesidades de movilidad. ¿Podrías contarme un poco más sobre el volumen de desplazamientos que manejan?
Contacto: Claro, actualmente tenemos un alto volumen de viajes, especialmente entre nuestras oficinas y clientes en Lisboa.
Agente: Entiendo. Y en términos de costes, ¿es algo que están buscando optimizar de inmediato?
Contacto: Absolutamente, estamos buscando soluciones efectivas y rápidas para reducir esos costes.
Agente: Perfecto, nuestro servicio está diseñado precisamente para eso. ¿Hay algún tema o preocupación adicional que te gustaría discutir?
Contacto: Principalmente, me interesa saber cómo se integra MoveUp con nuestras operaciones actuales.
Agente: Podemos proporcionar una plataforma personalizada que se integre sin problemas con tus sistemas existentes. También podemos organizar una demostración para que lo veas en acción. ¿Te parece bien?
Contacto: Sí, eso sería muy útil.
Agente: Excelente, entonces agendemos una demostración con nuestro especialista, Tomás Iglesias. ¿Te parece bien esta semana?
Contacto: Sí, cuanto antes mejor, debido a la urgencia que mencioné.
Agente: Perfecto, te enviaré una invitación para la demo. Estoy segura de que verás el valor de nuestro servicio inmediatamente.
Contacto: Gracias, Laura. Estoy ansiosa por ver cómo MoveUp puede ayudarnos.
Agente: Gracias a ti, Sofía. Te contacto pronto con los detalles de la demo.","La llamada fue muy positiva, mostrando un fuerte interés y urgencia por parte de Sofía. Se acordó una demostración con el especialista.",Agendar demo/reunión con especialista,Converted
1cad6ad6-034,99f0cb11,Carlos Gómez,Director de RRHH,Iberia Partners,Química,Argentina,Buenos Aires,47,9569000,Email marketing,2025-11-02,Carlos mostró un gran interés desde el principio debido al alto volumen de desplazamientos y la necesidad urgente de optimizar los costos de movilidad.,1,2025-11-03,1,0,PRIMERA_LLAMADA,PRIMERA_LLAMADA,"Agente: Hola, soy Marta Díaz de MoveUp. ¿Hablo con Carlos Gómez?
Contacto: Sí, con él hablas. ¿En qué puedo ayudarte, Marta?
Agente: Gracias, Carlos. Te estoy contactando porque recibimos tu interés en nuestros servicios de movilidad corporativa. Quisiera entender mejor tus necesidades.
Contacto: Claro, estamos buscando una solución para reducir los costos de nuestros desplazamientos corporativos. Ten en cuenta que tenemos un volumen bastante alto de viajes.
Agente: Entiendo, ¿podrías darme una idea del número de desplazamientos semanales que realizan?
Contacto: Aproximadamente unos 70 desplazamientos semanales. Nos gustaría una solución que nos aporte eficiencia y ahorros.
Agente: Perfecto, eso podemos gestionarlo muy bien. ¿Tienes un presupuesto en mente?
Contacto: Estamos abiertos, pero necesitamos ver los beneficios claros y rápidos.
Agente: Lo comprendo. ¿Te parece si te envío más información junto a nuestros casos de éxito para que puedas evaluarlo mejor?
Contacto: Sí, eso estaría bien. Espero recibir el material pronto.
Agente: Muy bien, Carlos. Te enviaré toda la documentación hoy mismo.
Contacto: Perfecto, quedo a la espera, Marta.
Agente: Gracias, Carlos. Estaré en contacto pronto.",Carlos mostró interés en reducir costos y recibir más información detallada.,Enviar documentación,Converted
7b75af69-00b,99f0cb11,Carlos Gómez,Director de RRHH,Iberia Partners,Química,Argentina,Buenos Aires,47,9569000,Email marketing,2025-11-02,Carlos mostró un gran interés desde el principio debido al alto volumen de desplazamientos y la necesidad urgente de optimizar los costos de movilidad.,2,2025-11-08,6,5,Carlos mostró interés en reducir costos y recibir más información detallada.,Enviar documentación,"Agente: Hola, Carlos. Soy Marta Díaz de MoveUp. Quería confirmar si recibiste la documentación que te envié.
Contacto: Hola, Marta. Sí, la recibimos y estuvimos revisando. Se ve bastante interesante.
Agente: ¡Genial! ¿Hay algo que te gustaría discutir o alguna duda que pueda resolver?
Contacto: Nos gustaría entender cómo se implementaría la solución en nuestra empresa y cómo se gestionan las urgencias.
Agente: Claro, Cristina Vera, nuestra especialista, puede explicarte todos los detalles en una reunión. ¿Te gustaría agendar una demo con ella?
Contacto: Sí, eso sería muy útil. Tenemos cierta urgencia en implementarlo.
Agente: Entiendo. Permíteme agendar la reunión para esta semana con Cristina. ¿Te parece bien el jueves a las 11:00 AM?
Contacto: Sí, jueves a las 11:00 AM está perfecto.
Agente: Excelente, lo agendaré. Nos comunicaremos contigo el jueves entonces.
Contacto: Muy bien, gracias Marta.
Agente: Gracias a ti, Carlos. Hasta el jueves.",Carlos mostró interés en una demo y se agendó reunión con la especialista.,Agendar demo/reunión con especialista,Converted
7ed943d8-681,99f0cb11,Carlos Gómez,Director de RRHH,Iberia Partners,Química,Argentina,Buenos Aires,47,9569000,Email marketing,2025-11-02,Carlos mostró un gran interés desde el principio debido al alto volumen de desplazamientos y la necesidad urgente de optimizar los costos de movilidad.,3,2025-11-11,9,3,Carlos mostró interés en una demo y se agendó reunión con la especialista.,Agendar demo/reunión con especialista,"Agente: Hola, Carlos. Espero que estés bien. Aquí Cristina Vera de MoveUp, lista para la reunión. ¿Puedes escucharme bien?
Contacto: Hola, Cristina. Sí, te escucho bien. Gracias por el tiempo.
Agente: Gracias a ti por asistir. Hablaremos sobre cómo MoveUp se adapta a las necesidades de Iberia Partners. ¿Alguna pregunta específica antes de comenzar?
Contacto: No, estoy ansioso por ver cómo funciona todo.
Agente: Perfecto, entonces. MoveUp facilita la gestión de desplazamientos con una plataforma intuitiva que te permite monitorear y optimizar costos en tiempo real.
Contacto: Eso suena excelente. ¿Cómo es el proceso de adaptación y capacitación para nuestros empleados?
Agente: Nos encargamos de todo. Ofrecemos capacitación sin costo adicional y soporte continuo.
Contacto: Eso es justo lo que necesitamos. Creo que estamos listos para continuar.
Agente: ¡Genial! Procederé a enviar el contrato para que lo revisen y lo firmen.
Contacto: Perfecto, Cristina. Envíamelo hoy mismo y lo confirmamos.
Agente: Lo haré en cuanto terminemos. Gracias, Carlos.
Contacto: Gracias a ti. Hasta pronto.
Agente: Hasta pronto.",Carlos decidió seguir adelante y firmar el contrato tras la reunión con la especialista.,Esperar confirmación cliente,Converted
64b0c80d-41e,474fecc6,Ana Fernández,Director Financiero,Corp Consulting,Retail,México,Ciudad de México,19,2885000,Formulario web,2026-03-11,Ana completó el formulario web mostrando interés en conocer más sobre nuestros servicios de movilidad debido a la ubicación geográfica de sus oficinas.,1,2026-03-18,7,0,PRIMERA_LLAMADA,PRIMERA_LLAMADA,"Agente: Hola, Ana. Soy Sofía Moreno de MoveUp. ¿Cómo estás?
Contacto: Hola, Sofía. Bien, gracias. ¿Y tú?
Agente: Muy bien, gracias. Vi que completaste el formulario en nuestra página web. Quería saber si podríamos discutir cómo MoveUp puede ayudar a Corp Consulting con sus necesidades de movilidad corporativa.
Contacto: Sí, estaba interesada, pero ahora mismo no estamos seguros si es el mejor momento para cambiar de proveedor.
Agente: Entiendo, Ana. ¿Puedo preguntarte cuál es el volumen de viajes que manejan actualmente?
Contacto: Pues, hacemos unos 100 viajes al mes, aproximadamente.
Agente: Perfecto, podemos ofrecer tarifas competitivas que quizás puedan ajustarse mejor a su presupuesto. ¿Cuál es su presupuesto actual para estos servicios?
Contacto: La verdad, tenemos un presupuesto limitado este año debido a varios ajustes internos.
Agente: Comprendo, Ana. Si te parece, puedo enviarte una propuesta con diferentes opciones para ver si alguna se adapta mejor a sus necesidades actuales.
Contacto: Claro, envíamela y le echo un vistazo.
Agente: Perfecto, te la enviaré hoy mismo.
Contacto: Gracias, Sofía.
Agente: Gracias a ti, Ana. Hablamos pronto.",Ana mostró interés inicial pero expresó preocupación por el presupuesto y reorganización interna.,Enviar documentación,Lost
abec722b-2ac,474fecc6,Ana Fernández,Director Financiero,Corp Consulting,Retail,México,Ciudad de México,19,2885000,Formulario web,2026-03-11,Ana completó el formulario web mostrando interés en conocer más sobre nuestros servicios de movilidad debido a la ubicación geográfica de sus oficinas.,2,2026-03-23,12,5,Ana mostró interés inicial pero expresó preocupación por el presupuesto y reorganización interna.,Enviar documentación,"Agente: Hola, Ana. Soy Sofía de nuevo. ¿Tuviste la oportunidad de revisar la propuesta que te envié?
Contacto: Hola, Sofía. Sí, la revisé. Sin embargo, como mencioné antes, el presupuesto sigue siendo un tema complicado.
Agente: Entiendo. ¿Hay algo en particular que podríamos ajustar para que sea más viable para ustedes?
Contacto: No lo creo, porque además estamos contentos con nuestro proveedor actual y no vemos urgencia en cambiar.
Agente: Comprendo, Ana. ¿Crees que podríamos revaluar esto más adelante o prefieres que dejemos el tema por ahora?
Contacto: Preferiría dejarlo por el momento. Sinceramente, no creo que podamos considerar un cambio este año.
Agente: Claro, entiendo. Muchas gracias por tu tiempo y si cambian de opinión, estaremos aquí para ayudar.
Contacto: Gracias a ti, Sofía.
Agente: Que tengas un buen día, Ana.
Contacto: Igualmente.",Ana no mostró interés en cambiar de proveedor y destacó restricciones de presupuesto.,Cerrar lead - no interesado,Lost
26013ea7-8ad,c23fbe63,Isabel Rodríguez,CFO,Grupo Systems,Tecnología,España,Granada,866,227799000,Feria o evento,2026-01-03,"Isabel mostró interés en conocer más sobre MoveUp durante una feria de tecnología en Granada, pero indicó que no tienen urgencia inmediata.",1,2026-01-10,7,0,PRIMERA_LLAMADA,PRIMERA_LLAMADA,"Agente: Hola Isabel, soy Marta Díaz de MoveUp. ¿Cómo estás?
Contacto: Hola Marta, muy bien, gracias. ¿Y tú?
Agente: Muy bien, gracias. Quería saber si tuviste oportunidad de revisar la información que te enviamos sobre nuestro servicio de movilidad corporativa.
Contacto: Sí, la revisé. Me parece interesante, pero queremos asegurarnos de que se ajusta a nuestras necesidades.
Agente: Claro, entiendo. ¿Podrías comentarme un poco sobre el volumen de viajes que suelen manejar y cualquier requisito específico que tengan?
Contacto: Actualmente, tenemos un volumen moderado, pero estamos buscando algo flexible que se pueda ajustar si incrementamos el número de viajes.
Agente: Perfecto, MoveUp es bastante flexible en ese sentido. ¿Te gustaría que programemos una reunión con Cristina Vera, nuestra especialista, para abordar cualquier detalle técnico?
Contacto: Por ahora me gustaría comparar un poco más con otras opciones antes de una reunión.
Agente: Entendido. ¿Puedo enviarte documentación adicional para que la revises más a fondo?
Contacto: Sí, me vendría bien.
Agente: Genial, te la enviaré hoy mismo. Si necesitas algo más, no dudes en contactarme.
Contacto: Perfecto, gracias Marta.
Agente: Gracias a ti, Isabel. Hasta pronto.","Isabel mostró interés en los servicios de MoveUp, pero quiere seguir comparando opciones antes de avanzar.",Enviar documentación,Nurturing
2506f3cb-719,c23fbe63,Isabel Rodríguez,CFO,Grupo Systems,Tecnología,España,Granada,866,227799000,Feria o evento,2026-01-03,"Isabel mostró interés en conocer más sobre MoveUp durante una feria de tecnología en Granada, pero indicó que no tienen urgencia inmediata.",2,2026-01-17,14,7,"Isabel mostró interés en los servicios de MoveUp, pero quiere seguir comparando opciones antes de avanzar.",Enviar documentación,"Agente: Hola Isabel, soy Marta de nuevo. Espero que estés bien.
Contacto: Hola Marta, todo bien, gracias. ¿Y tú?
Agente: Muy bien, gracias. Quería saber si tuviste tiempo de revisar la documentación que te envié.
Contacto: Sí, la revisé y está bastante completa. Aún estamos en proceso de evaluar nuestra decisión.
Agente: Entiendo. ¿Hay algo más en lo que pueda ayudarte mientras tanto?
Contacto: Por ahora no, realmente estamos esperando la aprobación presupuestaria para el próximo trimestre.
Agente: Perfecto, entonces estaré pendiente. ¿Te parece bien si hacemos un seguimiento en unas semanas?
Contacto: Sí, por favor.
Agente: De acuerdo, te contacto entonces. Cualquier novedad o duda que tengas, no dudes en escribirme.
Contacto: Claro, así lo haré. Gracias Marta.
Agente: Gracias a ti, Isabel. Hasta luego.",Isabel sigue interesada pero están esperando aprobación presupuestaria. Está abierta a un seguimiento posterior.,Cerrar lead - nurturing,Nurturing
653ca5dc-5d6,f93718d1,Alejandro Martínez,Director Comercial,Max Services,Educación,España,Sevilla,262,27305000,LinkedIn,2026-03-16,Alejandro mostró interés por explorar nuevas opciones de movilidad corporativa para mejorar la eficiencia del personal.,1,2026-03-17,1,0,PRIMERA_LLAMADA,PRIMERA_LLAMADA,"Agente: Hola Alejandro, ¿cómo estás? Soy Marta Díaz de MoveUp.
Contacto: Hola Marta, bien, gracias. Cuéntame.
Agente: Quería hablarte de cómo MoveUp puede ayudar a Max Services a gestionar la movilidad corporativa de manera más efectiva.
Contacto: Suena interesante, pero actualmente ya usamos otro proveedor.
Agente: Entiendo. ¿Sabes si están satisfechos con el servicio que ofrecen?
Contacto: Pues, no tenemos quejas mayores, aunque el presupuesto siempre es un tema.
Agente: En MoveUp somos muy competitivos en precios, y personalizamos según las necesidades específicas. ¿Qué volumen de viajes manejan mensualmente?
Contacto: Aproximadamente unos 200 viajes al mes.
Agente: Perfecto, podríamos hacerte una propuesta ajustada. ¿Te interesaría recibir más información detallada?
Contacto: Sí, envíame lo que puedas por correo.
Agente: Claro, enviaré la documentación hoy mismo. 
Contacto: Perfecto, lo revisaré.
Agente: Gracias, Alejandro. Hablamos pronto.",Alejandro mostró interés limitado y se comprometió a revisar la documentación enviada por Marta.,Enviar documentación,Lost
5de8bd56-5a8,f93718d1,Alejandro Martínez,Director Comercial,Max Services,Educación,España,Sevilla,262,27305000,LinkedIn,2026-03-16,Alejandro mostró interés por explorar nuevas opciones de movilidad corporativa para mejorar la eficiencia del personal.,2,2026-03-20,4,3,Alejandro mostró interés limitado y se comprometió a revisar la documentación enviada por Marta.,Enviar documentación,"Agente: Hola Alejandro, Marta nuevamente. ¿Tuviste la oportunidad de revisar la documentación?
Contacto: Hola Marta, sí, la revisé.
Agente: Genial, ¿qué te ha parecido?
Contacto: Mira, la propuesta está bien, pero nuestro presupuesto actual no nos permite cambios.
Agente: Entiendo, ¿hay posibilidades de discutir con tu equipo la optimización de los costos con nuestra solución?
Contacto: Ahora mismo estamos en una reorganización interna, y es difícil movernos del proveedor actual.
Agente: Comprendo, ¿crees que sería útil una reunión con nuestra especialista, Elena Navarro?
Contacto: Lo veo complicado, honestamente.
Agente: No hay problema, ¿te gustaría que permaneciera en contacto para futuras oportunidades?
Contacto: Por ahora no, muchas gracias.
Agente: De acuerdo, Alejandro. Gracias por tu tiempo. Estamos aquí si necesitas algo en el futuro.","Alejandro mencionó objeciones claras relacionadas con el presupuesto y la reorganización interna, cerrando el lead como no interesado.",Cerrar lead - no interesado,Lost
557a9866-4ee,31ec5ee6,Alberto Jiménez,Director Financiero,Corp Systems,Distribución,Colombia,Bogotá,7524,1766392000,Email marketing,2026-01-30,"El lead mostró inicialmente un interés en optimizar los gastos de movilidad corporativa, pero indicó preocupación por el presupuesto.",1,2026-01-31,1,0,PRIMERA_LLAMADA,PRIMERA_LLAMADA,"Agente: Hola Alberto, soy Ana Ruiz de MoveUp. ¿Cómo estás hoy?
Contacto: Hola Ana, bien, gracias. ¿En qué puedo ayudarte?
Agente: Quería hablarte sobre cómo MoveUp puede ayudar a Corp Systems a optimizar sus gastos de movilidad. Entiendo que ya recibiste nuestro correo.
Contacto: Sí, lo recibí. Pero debo decirte que no estamos considerando cambiar de proveedor ahora mismo.
Agente: Entiendo. He visto que Corp Systems tiene un volumen elevado de viajes mensuales. Podemos ofrecer tarifas más competitivas que podrían interesarte.
Contacto: El problema principal es que nuestro presupuesto está muy ajustado por la coyuntura actual.
Agente: Claro, ¿quizás podríamos agendar una reunión con nuestra especialista, Cristina Vera, para que te explique más a fondo cómo funcionaría la integración y los beneficios económicos?
Contacto: Prefiero no comprometerme a una reunión ahora mismo. Estamos en medio de una reorganización interna y sería complicado.
Agente: Comprendo la situación, pero si en algún momento decides explorar esta opción, estaremos encantados de ayudarte.
Contacto: Gracias, Ana. Tomaré tu oferta en consideración si las cosas cambian.
Agente: Perfecto, Alberto. Gracias por tu tiempo. Si necesitas más información, no dudes en contactarme.
Contacto: De acuerdo, gracias a ti.",El contacto expresó objeciones debido al presupuesto y la situación interna. No mostró interés en avanzar.,Cerrar lead - no interesado,Lost
9732f2eb-85b,a5d89e73,Patricia Navarro,Jefe de Proyectos,Tech Solutions,Distribución,España,Córdoba,391,75847000,Feria o evento,2026-03-14,Patricia asistió a una feria donde conoció a MoveUp y expresó un fuerte interés debido al crecimiento de su empresa y la necesidad urgente de controlar los costes de movilidad.,1,2026-03-15,1,0,PRIMERA_LLAMADA,PRIMERA_LLAMADA,"Agente: Hola Patricia, soy Marta Díaz de MoveUp. ¿Cómo estás?
Contacto: Hola Marta, muy bien, gracias. Justo estaba revisando las propuestas que vi en la feria.
Agente: Perfecto. ¿Qué te pareció nuestra solución de movilidad para empresas?
Contacto: Muy interesante, especialmente porque estamos creciendo mucho y necesitamos algo que controle nuestros costes de desplazamientos.
Agente: Entiendo. Nosotros ayudamos a empresas como la tuya a gestionar mejor esos gastos. ¿Tienes un volumen alto de viajes actualmente?
Contacto: Sí, precisamente. Los proyectos están aumentando y con ellos nuestros desplazamientos. Buscamos algo eficiente y rápido de implementar.
Agente: Sin duda, MoveUp puede ayudarte con eso. Tenemos casos de éxito en empresas similares. ¿Te gustaría que agendemos una reunión con nuestra especialista, Elena Navarro?
Contacto: Sí, sería genial. Quiero entender cómo podríamos integrar sus servicios lo antes posible.
Agente: Perfecto. Me encargo de organizarlo para esta misma semana. ¿Algún día que te venga mejor?
Contacto: Esta semana estoy un poco ajustada, pero el viernes podría ser.
Agente: Perfecto, agendo la reunión con Elena para el viernes. Te enviaré la confirmación por correo.
Contacto: Gracias Marta, espero con ganas la reunión.
Agente: Perfecto, entonces nos ponemos en contacto el viernes. ¡Hasta pronto!
Contacto: Hasta pronto.",Patricia expresó un interés activo en la solución de MoveUp y acordó una reunión con la especialista para discutir la implementación.,Agendar demo/reunión con especialista,Converted
